G,Date,Start (ET),,,HomeAway,Opponent,,,Tm,Opp,W,L,Streak,Attend.,LOG,Notes
1,Wed Oct 30 2013,10:30p,,Box Score,,Los Angeles Lakers,W,,125,94,1,0,W 1,19596,2:10,
2,Thu Oct 31 2013,10:30p,,Box Score,@,Los Angeles Clippers,L,,115,126,1,1,L 1,19060,2:48,
3,Sat Nov 2 2013,10:30p,,Box Score,,Sacramento Kings,W,,98,87,2,1,W 1,19596,2:07,
4,Mon Nov 4 2013,7:00p,,Box Score,@,Philadelphia 76ers,W,,110,90,3,1,W 2,11089,2:09,
5,Wed Nov 6 2013,8:00p,,Box Score,@,Minnesota Timberwolves,W,,106,93,4,1,W 3,15559,2:11,
6,Fri Nov 8 2013,8:30p,,Box Score,@,San Antonio Spurs,L,,74,76,4,2,L 1,18581,2:11,
7,Sat Nov 9 2013,8:00p,,Box Score,@,Memphis Grizzlies,L,,90,108,4,3,L 2,16989,2:17,
8,Tue Nov 12 2013,10:30p,,Box Score,,Detroit Pistons,W,,113,95,5,3,W 1,19596,2:11,
9,Thu Nov 14 2013,10:30p,,Box Score,,Oklahoma City Thunder,W,,116,115,6,3,W 2,19596,2:28,
10,Sat Nov 16 2013,10:30p,,Box Score,,Utah Jazz,W,,102,88,7,3,W 3,19596,1:59,
11,Mon Nov 18 2013,9:00p,,Box Score,@,Utah Jazz,W,,98,87,8,3,W 4,16051,2:05,
12,Wed Nov 20 2013,10:30p,,Box Score,,Memphis Grizzlies,L,OT,81,88,8,4,L 1,19596,2:21,
13,Fri Nov 22 2013,10:30p,,Box Score,@,Los Angeles Lakers,L,,95,102,8,5,L 2,18997,2:17,
14,Sat Nov 23 2013,10:30p,,Box Score,,Portland Trail Blazers,L,,101,113,8,6,L 3,19596,2:23,
15,Tue Nov 26 2013,8:00p,,Box Score,@,New Orleans Pelicans,W,,102,101,9,6,W 1,15330,2:06,
16,Wed Nov 27 2013,8:30p,,Box Score,@,Dallas Mavericks,L,,99,103,9,7,L 1,20211,2:13,
17,Fri Nov 29 2013,8:00p,,Box Score,@,Oklahoma City Thunder,L,OT,112,113,9,8,L 2,18203,2:42,
18,Sun Dec 1 2013,6:00p,,Box Score,@,Sacramento Kings,W,,115,113,10,8,W 1,15588,2:21,
19,Tue Dec 3 2013,10:30p,,Box Score,,Toronto Raptors,W,,112,103,11,8,W 2,19596,2:15,
20,Fri Dec 6 2013,8:00p,,Box Score,@,Houston Rockets,L,,83,105,11,9,L 1,18145,2:13,
21,Sat Dec 7 2013,8:00p,,Box Score,@,Memphis Grizzlies,W,,108,82,12,9,W 1,15088,2:01,
22,Mon Dec 9 2013,7:00p,,Box Score,@,Charlotte Bobcats,L,,111,115,12,10,L 1,13129,2:11,
23,Wed Dec 11 2013,10:30p,,Box Score,,Dallas Mavericks,W,,95,93,13,10,W 1,19596,2:19,
24,Fri Dec 13 2013,10:30p,,Box Score,,Houston Rockets,L,,112,116,13,11,L 1,19596,2:34,
25,Sun Dec 15 2013,8:00p,,Box Score,@,Phoenix Suns,L,,102,106,13,12,L 2,14393,2:22,
26,Tue Dec 17 2013,10:30p,,Box Score,,New Orleans Pelicans,W,,104,93,14,12,W 1,19596,2:09,
27,Thu Dec 19 2013,10:30p,,Box Score,,San Antonio Spurs,L,,102,104,14,13,L 1,19596,2:25,
28,Sat Dec 21 2013,10:30p,,Box Score,,Los Angeles Lakers,W,,102,83,15,13,W 1,19596,2:21,
29,Mon Dec 23 2013,9:00p,,Box Score,@,Denver Nuggets,W,,89,81,16,13,W 2,18551,2:14,
30,Wed Dec 25 2013,10:30p,,Box Score,,Los Angeles Clippers,W,,105,103,17,13,W 3,19596,2:43,
31,Fri Dec 27 2013,10:30p,,Box Score,,Phoenix Suns,W,,115,86,18,13,W 4,19596,2:08,
32,Sun Dec 29 2013,6:00p,,Box Score,@,Cleveland Cavaliers,W,OT,108,104,19,13,W 5,19384,2:31,
33,Tue Dec 31 2013,5:00p,,Box Score,@,Orlando Magic,W,,94,81,20,13,W 6,15062,2:00,
34,Thu Jan 2 2014,7:30p,,Box Score,@,Miami Heat,W,,123,114,21,13,W 7,20350,2:13,
35,Fri Jan 3 2014,7:30p,,Box Score,@,Atlanta Hawks,W,,101,100,22,13,W 8,15210,2:13,
36,Sun Jan 5 2014,6:00p,,Box Score,@,Washington Wizards,W,,112,96,23,13,W 9,17390,2:02,
37,Tue Jan 7 2014,8:00p,,Box Score,@,Milwaukee Bucks,W,,101,80,24,13,W 10,11739,2:05,
38,Wed Jan 8 2014,7:30p,,Box Score,@,Brooklyn Nets,L,,98,102,24,14,L 1,17732,2:26,
39,Fri Jan 10 2014,10:30p,,Box Score,,Boston Celtics,W,,99,97,25,14,W 1,19596,2:20,
40,Wed Jan 15 2014,10:30p,,Box Score,,Denver Nuggets,L,,116,123,25,15,L 1,19596,2:33,
41,Fri Jan 17 2014,9:30p,,Box Score,@,Oklahoma City Thunder,L,,121,127,25,16,L 2,18203,2:35,
42,Sat Jan 18 2014,8:00p,,Box Score,@,New Orleans Pelicans,W,,97,87,26,16,W 1,18045,2:05,
43,Mon Jan 20 2014,10:30p,,Box Score,,Indiana Pacers,L,,94,102,26,17,L 1,19596,2:25,
44,Fri Jan 24 2014,10:30p,,Box Score,,Minnesota Timberwolves,L,,120,121,26,18,L 2,19596,2:06,
45,Sun Jan 26 2014,9:00p,,Box Score,,Portland Trail Blazers,W,,103,88,27,18,W 1,19596,2:15,
46,Tue Jan 28 2014,10:30p,,Box Score,,Washington Wizards,L,,85,88,27,19,L 1,19596,2:07,
47,Thu Jan 30 2014,10:30p,,Box Score,,Los Angeles Clippers,W,,111,92,28,19,W 1,19596,2:25,
48,Fri Jan 31 2014,10:30p,,Box Score,@,Utah Jazz,W,,95,90,29,19,W 2,19911,2:26,
49,Tue Feb 4 2014,10:30p,,Box Score,,Charlotte Bobcats,L,,75,91,29,20,L 1,19596,2:07,
50,Thu Feb 6 2014,10:30p,,Box Score,,Chicago Bulls,W,,102,87,30,20,W 1,19596,2:31,
51,Sat Feb 8 2014,9:00p,,Box Score,@,Phoenix Suns,L,,109,122,30,21,L 1,17846,2:13,
52,Mon Feb 10 2014,10:30p,,Box Score,,Philadelphia 76ers,W,,123,80,31,21,W 1,19596,2:09,
53,Wed Feb 12 2014,10:30p,,Box Score,,Miami Heat,L,,110,111,31,22,L 1,19596,2:17,
54,Wed Feb 19 2014,10:00p,,Box Score,@,Sacramento Kings,W,,101,92,32,22,W 1,17317,2:19,
55,Thu Feb 20 2014,10:30p,,Box Score,,Houston Rockets,W,OT,102,99,33,22,W 2,19596,2:53,
56,Sat Feb 22 2014,10:30p,,Box Score,,Brooklyn Nets,W,,93,86,34,22,W 3,19596,2:16,
57,Mon Feb 24 2014,7:30p,,Box Score,@,Detroit Pistons,W,,104,96,35,22,W 4,14071,2:17,
58,Wed Feb 26 2014,8:00p,,Box Score,@,Chicago Bulls,L,,83,103,35,23,L 1,21701,2:12,
59,Fri Feb 28 2014,8:00p,,Box Score,@,New York Knicks,W,,126,103,36,23,W 1,19812,2:27,
60,Sun Mar 2 2014,4:00p,,Box Score,@,Toronto Raptors,L,,98,104,36,24,L 1,18658,2:10,
61,Tue Mar 4 2014,7:00p,,Box Score,@,Indiana Pacers,W,,98,96,37,24,W 1,18165,2:15,
62,Wed Mar 5 2014,7:30p,,Box Score,@,Boston Celtics,W,,108,88,38,24,W 2,18155,2:03,
63,Fri Mar 7 2014,10:30p,,Box Score,,Atlanta Hawks,W,,111,97,39,24,W 3,19596,2:05,
64,Sun Mar 9 2014,9:00p,,Box Score,,Phoenix Suns,W,,113,107,40,24,W 4,19596,2:19,
65,Tue Mar 11 2014,10:30p,,Box Score,,Dallas Mavericks,W,,108,85,41,24,W 5,19596,2:12,
66,Wed Mar 12 2014,10:30p,,Box Score,@,Los Angeles Clippers,L,,98,111,41,25,L 1,19570,2:15,
67,Fri Mar 14 2014,10:30p,,Box Score,,Cleveland Cavaliers,L,,94,103,41,26,L 2,19596,2:07,
68,Sun Mar 16 2014,9:00p,,Box Score,@,Portland Trail Blazers,W,,113,112,42,26,W 1,20063,2:16,
69,Tue Mar 18 2014,10:30p,,Box Score,,Orlando Magic,W,,103,89,43,26,W 2,19596,2:07,
70,Thu Mar 20 2014,10:30p,,Box Score,,Milwaukee Bucks,W,,115,110,44,26,W 3,19596,2:24,
71,Sat Mar 22 2014,10:30p,,Box Score,,San Antonio Spurs,L,,90,99,44,27,L 1,19596,2:14,
72,Fri Mar 28 2014,10:30p,,Box Score,,Memphis Grizzlies,W,,100,93,45,27,W 1,19596,2:04,
73,Sun Mar 30 2014,9:00p,,Box Score,,New York Knicks,L,,84,89,45,28,L 1,19596,2:21,
74,Tue Apr 1 2014,8:30p,,Box Score,@,Dallas Mavericks,W,OT,122,120,46,28,W 1,20423,2:30,
75,Wed Apr 2 2014,8:30p,,Box Score,@,San Antonio Spurs,L,,90,111,46,29,L 1,18581,1:56,
76,Fri Apr 4 2014,10:30p,,Box Score,,Sacramento Kings,W,,102,69,47,29,W 1,19596,2:10,
77,Sun Apr 6 2014,9:00p,,Box Score,,Utah Jazz,W,,130,102,48,29,W 2,19596,2:02,
78,Thu Apr 10 2014,10:30p,,Box Score,,Denver Nuggets,L,,99,100,48,30,L 1,19596,2:22,
79,Fri Apr 11 2014,10:30p,,Box Score,@,Los Angeles Lakers,W,,112,95,49,30,W 1,18997,1:59,
80,Sun Apr 13 2014,9:00p,,Box Score,@,Portland Trail Blazers,L,OT,117,119,49,31,L 1,19995,2:32,
81,Mon Apr 14 2014,10:30p,,Box Score,,Minnesota Timberwolves,W,,130,120,50,31,W 1,19596,2:16,
82,Wed Apr 16 2014,10:30p,,Box Score,@,Denver Nuggets,W,,116,112,51,31,W 2,17232,2:30,
1,Wed Oct 29 2014,10:00p,,Box Score,@,Sacramento Kings,W,,95,77,1,0,W 1,17317,2:27,
2,Sat Nov 1 2014,10:30p,,Box Score,,Los Angeles Lakers,W,,127,104,2,0,W 2,19596,2:19,
3,Sun Nov 2 2014,9:00p,,Box Score,@,Portland Trail Blazers,W,,95,90,3,0,W 3,19441,2:15,
4,Wed Nov 5 2014,10:30p,,Box Score,,Los Angeles Clippers,W,,121,104,4,0,W 4,19596,2:12,
5,Sat Nov 8 2014,8:00p,,Box Score,@,Houston Rockets,W,,98,87,5,0,W 5,18312,2:14,
6,Sun Nov 9 2014,8:00p,,Box Score,@,Phoenix Suns,L,,95,107,5,1,L 1,16046,2:21,
7,Tue Nov 11 2014,10:30p,,Box Score,,San Antonio Spurs,L,,100,113,5,2,L 2,19596,2:08,
8,Thu Nov 13 2014,10:30p,,Box Score,,Brooklyn Nets,W,,107,99,6,2,W 1,19596,2:18,
9,Sat Nov 15 2014,10:30p,,Box Score,,Charlotte Hornets,W,,112,87,7,2,W 2,19596,2:03,
10,Sun Nov 16 2014,9:30p,,Box Score,@,Los Angeles Lakers,W,,136,115,8,2,W 3,18997,2:15,
11,Fri Nov 21 2014,10:30p,,Box Score,,Utah Jazz,W,,101,88,9,2,W 4,19596,2:04,
12,Sun Nov 23 2014,7:00p,,Box Score,@,Oklahoma City Thunder,W,,91,86,10,2,W 5,18203,2:27,
13,Tue Nov 25 2014,7:30p,,Box Score,@,Miami Heat,W,,114,97,11,2,W 6,19647,2:19,
14,Wed Nov 26 2014,7:00p,,Box Score,@,Orlando Magic,W,,111,96,12,2,W 7,17702,2:08,
15,Fri Nov 28 2014,7:00p,,Box Score,@,Charlotte Hornets,W,,106,101,13,2,W 8,19381,2:13,
16,Sun Nov 30 2014,3:30p,,Box Score,@,Detroit Pistons,W,,104,93,14,2,W 9,12737,2:08,
17,Tue Dec 2 2014,10:30p,,Box Score,,Orlando Magic,W,,98,97,15,2,W 10,19596,2:06,
18,Thu Dec 4 2014,10:30p,,Box Score,,New Orleans Pelicans,W,,112,85,16,2,W 11,19596,2:08,
19,Sat Dec 6 2014,8:00p,,Box Score,@,Chicago Bulls,W,,112,102,17,2,W 12,22353,2:14,
20,Mon Dec 8 2014,8:00p,,Box Score,@,Minnesota Timberwolves,W,,102,86,18,2,W 13,10296,1:58,
21,Wed Dec 10 2014,10:30p,,Box Score,,Houston Rockets,W,,105,93,19,2,W 14,19596,2:06,
22,Sat Dec 13 2014,2:00p,,Box Score,@,Dallas Mavericks,W,,105,98,20,2,W 15,20317,2:25,
23,Sun Dec 14 2014,6:00p,,Box Score,@,New Orleans Pelicans,W,OT,128,122,21,2,W 16,15037,2:38,
24,Tue Dec 16 2014,8:00p,,Box Score,@,Memphis Grizzlies,L,,98,105,21,3,L 1,18119,2:22,
25,Thu Dec 18 2014,10:30p,,Box Score,,Oklahoma City Thunder,W,,114,109,22,3,W 1,19596,2:20,
26,Mon Dec 22 2014,10:30p,,Box Score,,Sacramento Kings,W,,128,108,23,3,W 2,19596,2:08,
27,Tue Dec 23 2014,10:30p,,Box Score,@,Los Angeles Lakers,L,,105,115,23,4,L 1,18997,2:10,
28,Thu Dec 25 2014,10:30p,,Box Score,@,Los Angeles Clippers,L,,86,100,23,5,L 2,19540,2:27,
29,Sat Dec 27 2014,10:30p,,Box Score,,Minnesota Timberwolves,W,,110,97,24,5,W 1,19596,2:13,
30,Tue Dec 30 2014,10:30p,,Box Score,,Philadelphia 76ers,W,,126,86,25,5,W 2,19596,2:04,
31,Fri Jan 2 2015,10:30p,,Box Score,,Toronto Raptors,W,,126,105,26,5,W 3,19596,2:05,
32,Mon Jan 5 2015,10:30p,,Box Score,,Oklahoma City Thunder,W,,117,91,27,5,W 4,19596,2:13,
33,Wed Jan 7 2015,10:30p,,Box Score,,Indiana Pacers,W,,117,102,28,5,W 5,19596,2:07,
34,Fri Jan 9 2015,10:30p,,Box Score,,Cleveland Cavaliers,W,,112,94,29,5,W 6,19596,2:21,
35,Tue Jan 13 2015,9:00p,,Box Score,@,Utah Jazz,W,,116,105,30,5,W 7,19911,2:05,
36,Wed Jan 14 2015,10:30p,,Box Score,,Miami Heat,W,,104,89,31,5,W 8,19596,2:11,
37,Fri Jan 16 2015,8:00p,,Box Score,@,Oklahoma City Thunder,L,,115,127,31,6,L 1,18203,2:17,
38,Sat Jan 17 2015,8:00p,,Box Score,@,Houston Rockets,W,,131,106,32,6,W 1,18458,2:15,
39,Mon Jan 19 2015,4:00p,,Box Score,,Denver Nuggets,W,,122,79,33,6,W 2,19596,2:07,
40,Wed Jan 21 2015,10:30p,,Box Score,,Houston Rockets,W,,126,113,34,6,W 3,19596,2:25,
41,Fri Jan 23 2015,10:30p,,Box Score,,Sacramento Kings,W,,126,101,35,6,W 4,19596,2:12,
42,Sun Jan 25 2015,8:00p,,Box Score,,Boston Celtics,W,,114,111,36,6,W 5,19596,2:17,
43,Tue Jan 27 2015,10:30p,,Box Score,,Chicago Bulls,L,OT,111,113,36,7,L 1,19596,2:30,
44,Fri Jan 30 2015,9:00p,,Box Score,@,Utah Jazz,L,,100,110,36,8,L 2,19295,2:10,
45,Sat Jan 31 2015,10:30p,,Box Score,,Phoenix Suns,W,,106,87,37,8,W 1,19596,2:08,
46,Tue Feb 3 2015,10:00p,,Box Score,@,Sacramento Kings,W,,121,96,38,8,W 2,17317,2:12,
47,Wed Feb 4 2015,10:30p,,Box Score,,Dallas Mavericks,W,,128,114,39,8,W 3,19596,2:22,
48,Fri Feb 6 2015,7:30p,,Box Score,@,Atlanta Hawks,L,,116,124,39,9,L 1,19225,2:19,
49,Sat Feb 7 2015,7:30p,,Box Score,@,New York Knicks,W,,106,92,40,9,W 1,19812,2:11,
50,Mon Feb 9 2015,7:00p,,Box Score,@,Philadelphia 76ers,W,,89,84,41,9,W 2,16247,2:16,
51,Wed Feb 11 2015,8:00p,,Box Score,@,Minnesota Timberwolves,W,,94,91,42,9,W 3,14303,2:12,
52,Fri Feb 20 2015,10:30p,,Box Score,,San Antonio Spurs,W,,110,99,43,9,W 4,19596,2:12,
53,Sun Feb 22 2015,6:00p,,Box Score,@,Indiana Pacers,L,,98,104,43,10,L 1,17789,2:23,
54,Tue Feb 24 2015,7:00p,,Box Score,@,Washington Wizards,W,,114,107,44,10,W 1,20356,2:11,
55,Thu Feb 26 2015,8:00p,TNT,Box Score,@,Cleveland Cavaliers,L,,99,110,44,11,L 1,20562,2:25,
56,Fri Feb 27 2015,7:30p,,Box Score,@,Toronto Raptors,W,,113,89,45,11,W 1,19800,2:10,
57,Sun Mar 1 2015,6:00p,,Box Score,@,Boston Celtics,W,,106,101,46,11,W 2,18624,2:03,
58,Mon Mar 2 2015,7:30p,,Box Score,@,Brooklyn Nets,L,,108,110,46,12,L 1,17732,2:12,
59,Wed Mar 4 2015,10:30p,,Box Score,,Milwaukee Bucks,W,,102,93,47,12,W 1,19596,2:14,
60,Fri Mar 6 2015,10:30p,ESPN,Box Score,,Dallas Mavericks,W,,104,89,48,12,W 2,19596,2:20,
61,Sun Mar 8 2015,3:30p,ABC,Box Score,,Los Angeles Clippers,W,,106,98,49,12,W 3,19596,2:21,
62,Mon Mar 9 2015,10:00p,,Box Score,@,Phoenix Suns,W,,98,80,50,12,W 4,18055,2:09,
63,Wed Mar 11 2015,10:30p,,Box Score,,Detroit Pistons,W,,105,98,51,12,W 5,19596,2:00,
64,Fri Mar 13 2015,9:00p,,Box Score,@,Denver Nuggets,L,,103,114,51,13,L 1,19155,2:18,
65,Sat Mar 14 2015,10:30p,,Box Score,,New York Knicks,W,,125,94,52,13,W 1,19596,2:04,
66,Mon Mar 16 2015,10:30p,ESPN,Box Score,,Los Angeles Lakers,W,,108,105,53,13,W 2,19596,2:19,
67,Wed Mar 18 2015,10:30p,,Box Score,,Atlanta Hawks,W,,114,95,54,13,W 3,19596,2:19,
68,Fri Mar 20 2015,10:30p,,Box Score,,New Orleans Pelicans,W,,112,96,55,13,W 4,19596,2:08,
69,Sat Mar 21 2015,10:30p,,Box Score,,Utah Jazz,W,,106,91,56,13,W 5,19596,2:06,
70,Mon Mar 23 2015,10:30p,,Box Score,,Washington Wizards,W,,107,76,57,13,W 6,19596,2:08,
71,Tue Mar 24 2015,10:30p,TNT,Box Score,@,Portland Trail Blazers,W,,122,108,58,13,W 7,19985,2:13,
72,Fri Mar 27 2015,8:00p,,Box Score,@,Memphis Grizzlies,W,,107,84,59,13,W 8,18119,2:05,
73,Sat Mar 28 2015,8:30p,,Box Score,@,Milwaukee Bucks,W,,108,95,60,13,W 9,18717,2:14,
74,Tue Mar 31 2015,10:30p,TNT,Box Score,@,Los Angeles Clippers,W,,110,106,61,13,W 10,19601,2:46,
75,Thu Apr 2 2015,10:30p,TNT,Box Score,,Phoenix Suns,W,,107,106,62,13,W 11,19596,2:27,
76,Sat Apr 4 2015,8:30p,,Box Score,@,Dallas Mavericks,W,,123,110,63,13,W 12,20407,2:39,
77,Sun Apr 5 2015,7:00p,NBA TV,Box Score,@,San Antonio Spurs,L,,92,107,63,14,L 1,18581,1:53,
78,Tue Apr 7 2015,8:00p,,Box Score,@,New Orleans Pelicans,L,,100,103,63,15,L 2,18097,2:16,
79,Thu Apr 9 2015,10:30p,TNT,Box Score,,Portland Trail Blazers,W,,116,105,64,15,W 1,19596,2:10,
80,Sat Apr 11 2015,10:30p,,Box Score,,Minnesota Timberwolves,W,,110,101,65,15,W 2,19596,2:08,
81,Mon Apr 13 2015,10:30p,NBA TV,Box Score,,Memphis Grizzlies,W,,111,107,66,15,W 3,19596,2:17,
82,Wed Apr 15 2015,10:30p,ESPN,Box Score,,Denver Nuggets,W,,133,126,67,15,W 4,19596,2:26,
1,Tue Oct 27 2015,10:30p,,Box Score,,New Orleans Pelicans,W,,111,95,1,0,W 1,19596,2:24,
2,Fri Oct 30 2015,9:30p,,Box Score,@,Houston Rockets,W,,112,92,2,0,W 2,18142,2:20,
3,Sat Oct 31 2015,7:30p,,Box Score,@,New Orleans Pelicans,W,,134,120,3,0,W 3,18406,2:11,
4,Mon Nov 2 2015,10:30p,,Box Score,,Memphis Grizzlies,W,,119,69,4,0,W 4,19596,2:09,
5,Wed Nov 4 2015,10:30p,,Box Score,,Los Angeles Clippers,W,,112,108,5,0,W 5,19596,2:36,
6,Fri Nov 6 2015,10:30p,,Box Score,,Denver Nuggets,W,,119,104,6,0,W 6,19596,2:12,
7,Sat Nov 7 2015,10:00p,,Box Score,@,Sacramento Kings,W,,103,94,7,0,W 7,17317,2:06,
8,Mon Nov 9 2015,10:30p,,Box Score,,Detroit Pistons,W,,109,95,8,0,W 8,19596,2:04,
9,Wed Nov 11 2015,8:00p,,Box Score,@,Memphis Grizzlies,W,,100,84,9,0,W 9,18119,2:18,
10,Thu Nov 12 2015,8:00p,,Box Score,@,Minnesota Timberwolves,W,,129,116,10,0,W 10,16130,2:19,
11,Sat Nov 14 2015,10:30p,,Box Score,,Brooklyn Nets,W,OT,107,99,11,0,W 11,19596,2:18,
12,Tue Nov 17 2015,10:30p,,Box Score,,Toronto Raptors,W,,115,110,12,0,W 12,19596,2:25,
13,Thu Nov 19 2015,10:30p,,Box Score,@,Los Angeles Clippers,W,,124,117,13,0,W 13,19528,2:32,
14,Fri Nov 20 2015,10:30p,,Box Score,,Chicago Bulls,W,,106,94,14,0,W 14,19596,2:16,
15,Sun Nov 22 2015,8:00p,,Box Score,@,Denver Nuggets,W,,118,105,15,0,W 15,17689,2:18,
16,Tue Nov 24 2015,10:30p,,Box Score,,Los Angeles Lakers,W,,111,77,16,0,W 16,19596,2:05,
17,Fri Nov 27 2015,9:30p,,Box Score,@,Phoenix Suns,W,,135,116,17,0,W 17,18055,2:13,
18,Sat Nov 28 2015,10:30p,,Box Score,,Sacramento Kings,W,,120,101,18,0,W 18,19596,2:07,
19,Mon Nov 30 2015,9:00p,,Box Score,@,Utah Jazz,W,,106,103,19,0,W 19,19911,2:12,
20,Wed Dec 2 2015,7:00p,,Box Score,@,Charlotte Hornets,W,,116,99,20,0,W 20,19542,2:06,
21,Sat Dec 5 2015,5:00p,,Box Score,@,Toronto Raptors,W,,112,109,21,0,W 21,20160,2:29,
22,Sun Dec 6 2015,6:00p,,Box Score,@,Brooklyn Nets,W,,114,98,22,0,W 22,17732,2:10,
23,Tue Dec 8 2015,7:00p,,Box Score,@,Indiana Pacers,W,,131,123,23,0,W 23,18165,2:14,
24,Fri Dec 11 2015,7:30p,,Box Score,@,Boston Celtics,W,2OT,124,119,24,0,W 24,18624,2:55,
25,Sat Dec 12 2015,8:30p,,Box Score,@,Milwaukee Bucks,L,,95,108,24,1,L 1,18717,2:06,
26,Wed Dec 16 2015,10:30p,,Box Score,,Phoenix Suns,W,,128,103,25,1,W 1,19596,2:15,
27,Fri Dec 18 2015,10:30p,,Box Score,,Milwaukee Bucks,W,,121,112,26,1,W 2,19596,2:18,
28,Wed Dec 23 2015,10:30p,,Box Score,,Utah Jazz,W,,103,85,27,1,W 3,19596,1:57,
29,Fri Dec 25 2015,5:00p,,Box Score,,Cleveland Cavaliers,W,,89,83,28,1,W 4,19596,2:26,
30,Mon Dec 28 2015,10:30p,,Box Score,,Sacramento Kings,W,,122,103,29,1,W 5,19596,2:10,
31,Wed Dec 30 2015,8:30p,,Box Score,@,Dallas Mavericks,L,,91,114,29,2,L 1,20494,2:04,
32,Thu Dec 31 2015,7:00p,,Box Score,@,Houston Rockets,W,,114,110,30,2,W 1,18313,2:17,
33,Sat Jan 2 2016,10:30p,,Box Score,,Denver Nuggets,W,OT,111,108,31,2,W 2,19596,2:25,
34,Mon Jan 4 2016,10:30p,,Box Score,,Charlotte Hornets,W,,111,101,32,2,W 3,19596,1:58,
35,Tue Jan 5 2016,10:30p,,Box Score,@,Los Angeles Lakers,W,,109,88,33,2,W 4,18997,2:04,
36,Fri Jan 8 2016,10:00p,,Box Score,@,Portland Trail Blazers,W,,128,108,34,2,W 5,20035,2:03,
37,Sat Jan 9 2016,10:00p,,Box Score,@,Sacramento Kings,W,,128,116,35,2,W 6,17317,2:17,
38,Mon Jan 11 2016,10:30p,,Box Score,,Miami Heat,W,,111,103,36,2,W 7,19596,2:12,
39,Wed Jan 13 2016,9:00p,,Box Score,@,Denver Nuggets,L,,110,112,36,3,L 1,18004,2:19,
40,Thu Jan 14 2016,10:30p,,Box Score,,Los Angeles Lakers,W,,116,98,37,3,W 1,19596,2:12,
41,Sat Jan 16 2016,7:30p,,Box Score,@,Detroit Pistons,L,,95,113,37,4,L 1,21584,2:25,
42,Mon Jan 18 2016,8:00p,,Box Score,@,Cleveland Cavaliers,W,,132,98,38,4,W 1,20562,2:27,
43,Wed Jan 20 2016,8:00p,,Box Score,@,Chicago Bulls,W,,125,94,39,4,W 2,23152,2:11,
44,Fri Jan 22 2016,10:30p,,Box Score,,Indiana Pacers,W,,122,110,40,4,W 3,19596,2:22,
45,Mon Jan 25 2016,10:30p,,Box Score,,San Antonio Spurs,W,,120,90,41,4,W 4,19596,2:13,
46,Wed Jan 27 2016,10:30p,,Box Score,,Dallas Mavericks,W,,127,107,42,4,W 5,19596,2:10,
47,Sat Jan 30 2016,5:00p,,Box Score,@,Philadelphia 76ers,W,,108,105,43,4,W 6,20798,2:09,
48,Sun Jan 31 2016,7:30p,,Box Score,@,New York Knicks,W,,116,95,44,4,W 7,19812,2:12,
49,Wed Feb 3 2016,8:00p,,Box Score,@,Washington Wizards,W,,134,121,45,4,W 8,20356,2:20,
50,Sat Feb 6 2016,9:00p,,Box Score,,Oklahoma City Thunder,W,,116,108,46,4,W 9,19596,2:22,
51,Tue Feb 9 2016,10:30p,,Box Score,,Houston Rockets,W,,123,110,47,4,W 10,19596,2:28,
52,Wed Feb 10 2016,9:00p,,Box Score,@,Phoenix Suns,W,,112,104,48,4,W 11,18055,2:09,
53,Fri Feb 19 2016,10:00p,,Box Score,@,Portland Trail Blazers,L,,105,137,48,5,L 1,20100,2:09,
54,Sat Feb 20 2016,8:30p,,Box Score,@,Los Angeles Clippers,W,,115,112,49,5,W 1,19585,2:21,
55,Mon Feb 22 2016,8:00p,,Box Score,@,Atlanta Hawks,W,,102,92,50,5,W 2,19330,2:04,
56,Wed Feb 24 2016,7:30p,,Box Score,@,Miami Heat,W,,118,112,51,5,W 3,19899,2:26,
57,Thu Feb 25 2016,7:00p,,Box Score,@,Orlando Magic,W,,130,114,52,5,W 4,19189,2:04,
58,Sat Feb 27 2016,8:30p,,Box Score,@,Oklahoma City Thunder,W,OT,121,118,53,5,W 5,18203,2:45,
59,Tue Mar 1 2016,10:30p,,Box Score,,Atlanta Hawks,W,OT,109,105,54,5,W 6,19596,2:30,
60,Thu Mar 3 2016,10:30p,,Box Score,,Oklahoma City Thunder,W,,121,106,55,5,W 7,19596,2:14,
61,Sun Mar 6 2016,3:30p,,Box Score,@,Los Angeles Lakers,L,,95,112,55,6,L 1,18997,2:16,
62,Mon Mar 7 2016,10:30p,,Box Score,,Orlando Magic,W,,119,113,56,6,W 1,19596,2:15,
63,Wed Mar 9 2016,10:30p,,Box Score,,Utah Jazz,W,,115,94,57,6,W 2,19596,2:07,
64,Fri Mar 11 2016,10:30p,,Box Score,,Portland Trail Blazers,W,,128,112,58,6,W 3,19596,2:09,
65,Sat Mar 12 2016,10:30p,,Box Score,,Phoenix Suns,W,,123,116,59,6,W 4,19596,2:14,
66,Mon Mar 14 2016,10:30p,,Box Score,,New Orleans Pelicans,W,,125,107,60,6,W 5,19596,2:12,
67,Wed Mar 16 2016,10:30p,,Box Score,,New York Knicks,W,,121,85,61,6,W 6,19596,1:55,
68,Fri Mar 18 2016,8:30p,,Box Score,@,Dallas Mavericks,W,,130,112,62,6,W 7,20515,2:12,
69,Sat Mar 19 2016,8:30p,,Box Score,@,San Antonio Spurs,L,,79,87,62,7,L 1,18825,2:15,
70,Mon Mar 21 2016,8:00p,,Box Score,@,Minnesota Timberwolves,W,,109,104,63,7,W 1,19452,2:23,
71,Wed Mar 23 2016,10:30p,,Box Score,,Los Angeles Clippers,W,,114,98,64,7,W 2,19596,2:21,
72,Fri Mar 25 2016,10:30p,,Box Score,,Dallas Mavericks,W,,128,120,65,7,W 3,19596,2:10,
73,Sun Mar 27 2016,8:00p,,Box Score,,Philadelphia 76ers,W,,117,105,66,7,W 4,19596,2:06,
74,Tue Mar 29 2016,10:30p,,Box Score,,Washington Wizards,W,,102,94,67,7,W 5,19596,2:22,
75,Wed Mar 30 2016,9:00p,,Box Score,@,Utah Jazz,W,OT,103,96,68,7,W 6,19911,2:34,
76,Fri Apr 1 2016,10:30p,,Box Score,,Boston Celtics,L,,106,109,68,8,L 1,19596,2:22,
77,Sun Apr 3 2016,8:00p,,Box Score,,Portland Trail Blazers,W,,136,111,69,8,W 1,19596,2:14,
78,Tue Apr 5 2016,10:30p,,Box Score,,Minnesota Timberwolves,L,OT,117,124,69,9,L 1,19596,2:41,
79,Thu Apr 7 2016,10:30p,,Box Score,,San Antonio Spurs,W,,112,101,70,9,W 1,19596,2:13,
80,Sat Apr 9 2016,8:00p,,Box Score,@,Memphis Grizzlies,W,,100,99,71,9,W 2,18119,2:21,
81,Sun Apr 10 2016,7:00p,,Box Score,@,San Antonio Spurs,W,,92,86,72,9,W 3,18658,2:11,
82,Wed Apr 13 2016,10:30p,,Box Score,,Memphis Grizzlies,W,,125,104,73,9,W 4,19596,2:08,
1,Tue Oct 25 2016,10:30p,,Box Score,,San Antonio Spurs,L,,100,129,0,1,L 1,19596,2:18,
2,Fri Oct 28 2016,9:30p,,Box Score,@,New Orleans Pelicans,W,,122,114,1,1,W 1,18217,2:30,
3,Sun Oct 30 2016,6:00p,,Box Score,@,Phoenix Suns,W,,106,100,2,1,W 2,17011,2:29,
4,Tue Nov 1 2016,10:00p,,Box Score,@,Portland Trail Blazers,W,,127,104,3,1,W 3,19393,2:14,
5,Thu Nov 3 2016,10:30p,,Box Score,,Oklahoma City Thunder,W,,122,96,4,1,W 4,19596,2:19,
6,Fri Nov 4 2016,10:30p,,Box Score,@,Los Angeles Lakers,L,,97,117,4,2,L 1,18997,2:19,
7,Mon Nov 7 2016,10:30p,,Box Score,,New Orleans Pelicans,W,,116,106,5,2,W 1,19596,2:11,
8,Wed Nov 9 2016,10:30p,,Box Score,,Dallas Mavericks,W,,116,95,6,2,W 2,19596,2:15,
9,Thu Nov 10 2016,9:00p,,Box Score,@,Denver Nuggets,W,,125,101,7,2,W 3,17569,2:10,
10,Sun Nov 13 2016,8:00p,,Box Score,,Phoenix Suns,W,,133,120,8,2,W 4,19596,2:16,
11,Wed Nov 16 2016,8:00p,,Box Score,@,Toronto Raptors,W,,127,121,9,2,W 5,21050,2:34,
12,Fri Nov 18 2016,8:00p,,Box Score,@,Boston Celtics,W,,104,88,10,2,W 6,18624,2:08,
13,Sat Nov 19 2016,8:30p,,Box Score,@,Milwaukee Bucks,W,,124,121,11,2,W 7,18717,2:31,
14,Mon Nov 21 2016,7:00p,,Box Score,@,Indiana Pacers,W,,120,83,12,2,W 8,17923,2:12,
15,Wed Nov 23 2016,10:30p,,Box Score,,Los Angeles Lakers,W,,149,106,13,2,W 9,19596,2:12,
16,Fri Nov 25 2016,10:30p,,Box Score,@,Los Angeles Lakers,W,,109,85,14,2,W 10,18997,2:14,
17,Sat Nov 26 2016,10:30p,,Box Score,,Minnesota Timberwolves,W,,115,102,15,2,W 11,19596,2:13,
18,Mon Nov 28 2016,10:30p,,Box Score,,Atlanta Hawks,W,,105,100,16,2,W 12,19596,2:21,
19,Thu Dec 1 2016,10:30p,,Box Score,,Houston Rockets,L,2OT,127,132,16,3,L 1,19596,3:14,
20,Sat Dec 3 2016,10:30p,,Box Score,,Phoenix Suns,W,,138,109,17,3,W 1,19596,2:12,
21,Mon Dec 5 2016,10:30p,,Box Score,,Indiana Pacers,W,,142,106,18,3,W 2,19596,2:09,
22,Wed Dec 7 2016,10:30p,,Box Score,@,Los Angeles Clippers,W,,115,98,19,3,W 3,19239,2:29,
23,Thu Dec 8 2016,9:00p,,Box Score,@,Utah Jazz,W,,106,99,20,3,W 4,19911,2:19,
24,Sat Dec 10 2016,8:00p,,Box Score,@,Memphis Grizzlies,L,,89,110,20,4,L 1,18119,2:17,
25,Sun Dec 11 2016,7:00p,,Box Score,@,Minnesota Timberwolves,W,,116,108,21,4,W 1,18452,2:24,
26,Tue Dec 13 2016,8:00p,,Box Score,@,New Orleans Pelicans,W,,113,109,22,4,W 2,17789,2:21,
27,Thu Dec 15 2016,10:30p,,Box Score,,New York Knicks,W,,103,90,23,4,W 3,19596,2:10,
28,Sat Dec 17 2016,10:30p,,Box Score,,Portland Trail Blazers,W,,135,90,24,4,W 4,19596,2:11,
29,Tue Dec 20 2016,10:30p,,Box Score,,Utah Jazz,W,,104,74,25,4,W 5,19596,2:09,
30,Thu Dec 22 2016,7:30p,,Box Score,@,Brooklyn Nets,W,,117,101,26,4,W 6,17732,2:07,
31,Fri Dec 23 2016,7:30p,,Box Score,@,Detroit Pistons,W,,119,113,27,4,W 7,21012,2:23,
32,Sun Dec 25 2016,2:30p,,Box Score,@,Cleveland Cavaliers,L,,108,109,27,5,L 1,20562,2:36,
33,Wed Dec 28 2016,10:30p,,Box Score,,Toronto Raptors,W,,121,111,28,5,W 1,19596,2:12,
34,Fri Dec 30 2016,10:30p,,Box Score,,Dallas Mavericks,W,,108,99,29,5,W 2,19596,2:02,
35,Mon Jan 2 2017,10:30p,,Box Score,,Denver Nuggets,W,,127,119,30,5,W 3,19596,2:07,
36,Wed Jan 4 2017,10:30p,,Box Score,,Portland Trail Blazers,W,,125,117,31,5,W 4,19596,2:31,
37,Fri Jan 6 2017,10:30p,,Box Score,,Memphis Grizzlies,L,OT,119,128,31,6,L 1,19596,2:48,
38,Sun Jan 8 2017,9:00p,,Box Score,@,Sacramento Kings,W,,117,106,32,6,W 1,17608,2:12,
39,Tue Jan 10 2017,10:30p,,Box Score,,Miami Heat,W,,107,95,33,6,W 2,19596,2:14,
40,Thu Jan 12 2017,10:30p,,Box Score,,Detroit Pistons,W,,127,107,34,6,W 3,19596,2:16,
41,Mon Jan 16 2017,8:00p,,Box Score,,Cleveland Cavaliers,W,,126,91,35,6,W 4,19596,2:28,
42,Wed Jan 18 2017,10:30p,,Box Score,,Oklahoma City Thunder,W,,121,100,36,6,W 5,19596,2:21,
43,Fri Jan 20 2017,8:00p,,Box Score,@,Houston Rockets,W,,125,108,37,6,W 6,18055,2:16,
44,Sun Jan 22 2017,12:00p,,Box Score,@,Orlando Magic,W,,118,98,38,6,W 7,18846,2:05,
45,Mon Jan 23 2017,7:30p,,Box Score,@,Miami Heat,L,,102,105,38,7,L 1,19600,2:29,
46,Wed Jan 25 2017,8:00p,,Box Score,@,Charlotte Hornets,W,,113,103,39,7,W 1,19639,2:20,
47,Sat Jan 28 2017,8:30p,,Box Score,,Los Angeles Clippers,W,,144,98,40,7,W 2,19596,2:12,
48,Sun Jan 29 2017,9:00p,,Box Score,@,Portland Trail Blazers,W,,113,111,41,7,W 3,19393,2:21,
49,Wed Feb 1 2017,10:30p,,Box Score,,Charlotte Hornets,W,,126,111,42,7,W 4,19596,2:09,
50,Thu Feb 2 2017,10:30p,,Box Score,@,Los Angeles Clippers,W,,133,120,43,7,W 5,19385,2:27,
51,Sat Feb 4 2017,10:30p,,Box Score,@,Sacramento Kings,L,OT,106,109,43,8,L 1,17608,2:36,
52,Wed Feb 8 2017,10:30p,,Box Score,,Chicago Bulls,W,,123,92,44,8,W 1,19596,2:12,
53,Fri Feb 10 2017,8:00p,,Box Score,@,Memphis Grizzlies,W,,122,107,45,8,W 2,18119,2:30,
54,Sat Feb 11 2017,8:30p,,Box Score,@,Oklahoma City Thunder,W,,130,114,46,8,W 3,18203,2:38,
55,Mon Feb 13 2017,9:00p,,Box Score,@,Denver Nuggets,L,,110,132,46,9,L 1,19941,2:00,
56,Wed Feb 15 2017,10:30p,,Box Score,,Sacramento Kings,W,,109,86,47,9,W 1,19596,2:05,
57,Thu Feb 23 2017,10:30p,,Box Score,,Los Angeles Clippers,W,,123,113,48,9,W 2,19596,2:28,
58,Sat Feb 25 2017,10:30p,,Box Score,,Brooklyn Nets,W,,112,95,49,9,W 3,19596,2:06,
59,Mon Feb 27 2017,7:00p,,Box Score,@,Philadelphia 76ers,W,,119,108,50,9,W 4,20585,2:23,
60,Tue Feb 28 2017,7:00p,,Box Score,@,Washington Wizards,L,,108,112,50,10,L 1,20356,2:21,
61,Thu Mar 2 2017,8:00p,,Box Score,@,Chicago Bulls,L,,87,94,50,11,L 2,22253,2:17,
62,Sun Mar 5 2017,3:30p,,Box Score,@,New York Knicks,W,,112,105,51,11,W 1,19812,2:24,
63,Mon Mar 6 2017,7:30p,,Box Score,@,Atlanta Hawks,W,,119,111,52,11,W 2,18890,2:13,
64,Wed Mar 8 2017,10:30p,,Box Score,,Boston Celtics,L,,86,99,52,12,L 1,19596,2:14,
65,Fri Mar 10 2017,8:00p,,Box Score,@,Minnesota Timberwolves,L,,102,103,52,13,L 2,20412,2:25,
66,Sat Mar 11 2017,8:30p,,Box Score,@,San Antonio Spurs,L,,85,107,52,14,L 3,18418,2:12,
67,Tue Mar 14 2017,10:30p,,Box Score,,Philadelphia 76ers,W,,106,104,53,14,W 1,19596,2:24,
68,Thu Mar 16 2017,10:30p,,Box Score,,Orlando Magic,W,,122,92,54,14,W 2,19596,2:06,
69,Sat Mar 18 2017,10:30p,,Box Score,,Milwaukee Bucks,W,,117,92,55,14,W 3,19596,2:03,
70,Mon Mar 20 2017,8:00p,,Box Score,@,Oklahoma City Thunder,W,,111,95,56,14,W 4,18203,2:22,
71,Tue Mar 21 2017,8:30p,,Box Score,@,Dallas Mavericks,W,,112,87,57,14,W 5,20453,2:07,
72,Fri Mar 24 2017,10:30p,,Box Score,,Sacramento Kings,W,,114,100,58,14,W 6,19596,2:06,
73,Sun Mar 26 2017,8:00p,,Box Score,,Memphis Grizzlies,W,,106,94,59,14,W 7,19596,2:09,
74,Tue Mar 28 2017,8:00p,,Box Score,@,Houston Rockets,W,,113,106,60,14,W 8,18055,2:26,
75,Wed Mar 29 2017,9:30p,,Box Score,@,San Antonio Spurs,W,,110,98,61,14,W 9,18418,2:21,
76,Fri Mar 31 2017,10:30p,,Box Score,,Houston Rockets,W,,107,98,62,14,W 10,19596,2:17,
77,Sun Apr 2 2017,8:00p,,Box Score,,Washington Wizards,W,,139,115,63,14,W 11,19596,2:15,
78,Tue Apr 4 2017,10:30p,,Box Score,,Minnesota Timberwolves,W,,121,107,64,14,W 12,19596,2:25,
79,Wed Apr 5 2017,10:00p,,Box Score,@,Phoenix Suns,W,,120,111,65,14,W 13,18055,2:17,
80,Sat Apr 8 2017,10:30p,,Box Score,,New Orleans Pelicans,W,,123,101,66,14,W 14,19596,2:02,
81,Mon Apr 10 2017,10:30p,,Box Score,,Utah Jazz,L,,99,105,66,15,L 1,19596,2:10,
82,Wed Apr 12 2017,10:30p,,Box Score,,Los Angeles Lakers,W,,109,94,67,15,W 1,19596,2:08,
1,Tue Oct 17 2017,10:30p,,Box Score,,Houston Rockets,L,,121,122,0,1,L 1,19596,2:28,
2,Fri Oct 20 2017,9:30p,,Box Score,@,New Orleans Pelicans,W,,128,120,1,1,W 1,18171,,
3,Sat Oct 21 2017,8:00p,,Box Score,@,Memphis Grizzlies,L,,101,111,1,2,L 1,17794,2:19,
4,Mon Oct 23 2017,8:30p,,Box Score,@,Dallas Mavericks,W,,133,103,2,2,W 1,19875,2:13,
5,Wed Oct 25 2017,10:30p,,Box Score,,Toronto Raptors,W,,117,112,3,2,W 2,19596,2:14,
6,Fri Oct 27 2017,10:30p,,Box Score,,Washington Wizards,W,,120,117,4,2,W 3,19596,2:24,
7,Sun Oct 29 2017,8:30p,,Box Score,,Detroit Pistons,L,,107,115,4,3,L 1,19596,2:09,
8,Mon Oct 30 2017,10:30p,,Box Score,@,Los Angeles Clippers,W,,141,113,5,3,W 1,19068,2:11,
9,Thu Nov 2 2017,8:00p,,Box Score,@,San Antonio Spurs,W,,112,92,6,3,W 2,18418,2:14,
10,Sat Nov 4 2017,9:00p,,Box Score,@,Denver Nuggets,W,,127,108,7,3,W 3,19711,2:05,
11,Mon Nov 6 2017,10:30p,,Box Score,,Miami Heat,W,,97,80,8,3,W 4,19596,2:12,
12,Wed Nov 8 2017,10:30p,,Box Score,,Minnesota Timberwolves,W,,125,101,9,3,W 5,19596,2:09,
13,Sat Nov 11 2017,8:30p,,Box Score,,Philadelphia 76ers,W,,135,114,10,3,W 6,19596,2:14,
14,Mon Nov 13 2017,10:30p,,Box Score,,Orlando Magic,W,,110,100,11,3,W 7,19596,2:04,
15,Thu Nov 16 2017,8:00p,,Box Score,@,Boston Celtics,L,,88,92,11,4,L 1,18624,2:25,
16,Sat Nov 18 2017,7:30p,,Box Score,@,Philadelphia 76ers,W,,124,116,12,4,W 1,20848,2:14,
17,Sun Nov 19 2017,6:00p,,Box Score,@,Brooklyn Nets,W,,118,111,13,4,W 2,17732,2:13,
18,Wed Nov 22 2017,8:00p,,Box Score,@,Oklahoma City Thunder,L,,91,108,13,5,L 1,18203,2:13,
19,Fri Nov 24 2017,10:30p,,Box Score,,Chicago Bulls,W,,143,94,14,5,W 1,19596,2:04,
20,Sat Nov 25 2017,8:30p,,Box Score,,New Orleans Pelicans,W,,110,95,15,5,W 2,19596,2:15,
21,Mon Nov 27 2017,10:30p,,Box Score,,Sacramento Kings,L,,106,110,15,6,L 1,19596,2:13,
22,Wed Nov 29 2017,10:30p,,Box Score,@,Los Angeles Lakers,W,OT,127,123,16,6,W 1,18997,2:32,
23,Fri Dec 1 2017,7:00p,,Box Score,@,Orlando Magic,W,,133,112,17,6,W 2,18846,2:09,
24,Sun Dec 3 2017,7:00p,,Box Score,@,Miami Heat,W,,123,95,18,6,W 3,19600,2:04,
25,Mon Dec 4 2017,8:00p,,Box Score,@,New Orleans Pelicans,W,,125,115,19,6,W 4,17004,2:19,
26,Wed Dec 6 2017,8:00p,,Box Score,@,Charlotte Hornets,W,,101,87,20,6,W 5,19334,2:08,
27,Fri Dec 8 2017,7:00p,,Box Score,@,Detroit Pistons,W,,102,98,21,6,W 6,20491,2:18,
28,Mon Dec 11 2017,10:30p,,Box Score,,Portland Trail Blazers,W,,111,104,22,6,W 7,19596,2:03,
29,Thu Dec 14 2017,10:30p,,Box Score,,Dallas Mavericks,W,,112,97,23,6,W 8,19596,2:10,
30,Mon Dec 18 2017,10:30p,,Box Score,@,Los Angeles Lakers,W,OT,116,114,24,6,W 9,18997,2:46,
31,Wed Dec 20 2017,10:30p,,Box Score,,Memphis Grizzlies,W,,97,84,25,6,W 10,19596,2:15,
32,Fri Dec 22 2017,10:30p,,Box Score,,Los Angeles Lakers,W,,113,106,26,6,W 11,19596,2:17,
33,Sat Dec 23 2017,8:30p,,Box Score,,Denver Nuggets,L,,81,96,26,7,L 1,19596,2:04,
34,Mon Dec 25 2017,3:00p,,Box Score,,Cleveland Cavaliers,W,,99,92,27,7,W 1,19596,2:24,
35,Wed Dec 27 2017,10:30p,,Box Score,,Utah Jazz,W,,126,101,28,7,W 2,19596,2:11,
36,Fri Dec 29 2017,10:30p,,Box Score,,Charlotte Hornets,L,,100,111,28,8,L 1,19596,2:02,
37,Sat Dec 30 2017,8:30p,,Box Score,,Memphis Grizzlies,W,,141,128,29,8,W 1,19596,2:03,
38,Wed Jan 3 2018,8:30p,,Box Score,@,Dallas Mavericks,W,,125,122,30,8,W 2,20212,2:14,
39,Thu Jan 4 2018,8:00p,,Box Score,@,Houston Rockets,W,,124,114,31,8,W 3,18055,2:14,
40,Sat Jan 6 2018,3:30p,,Box Score,@,Los Angeles Clippers,W,,121,105,32,8,W 4,19068,2:18,
41,Mon Jan 8 2018,10:30p,,Box Score,,Denver Nuggets,W,,124,114,33,8,W 5,19596,2:04,
42,Wed Jan 10 2018,10:30p,,Box Score,,Los Angeles Clippers,L,,106,125,33,9,L 1,19596,2:15,
43,Fri Jan 12 2018,8:00p,,Box Score,@,Milwaukee Bucks,W,,108,94,34,9,W 1,18717,2:06,
44,Sat Jan 13 2018,7:30p,,Box Score,@,Toronto Raptors,W,,127,125,35,9,W 2,20078,2:23,
45,Mon Jan 15 2018,8:00p,,Box Score,@,Cleveland Cavaliers,W,,118,108,36,9,W 3,20562,2:25,
46,Wed Jan 17 2018,8:00p,,Box Score,@,Chicago Bulls,W,,119,112,37,9,W 4,21372,2:09,
47,Sat Jan 20 2018,8:30p,,Box Score,@,Houston Rockets,L,,108,116,37,10,L 1,18055,2:16,
48,Tue Jan 23 2018,10:30p,,Box Score,,New York Knicks,W,,123,112,38,10,W 1,19596,2:06,
49,Thu Jan 25 2018,10:30p,,Box Score,,Minnesota Timberwolves,W,,126,113,39,10,W 2,19596,2:09,
50,Sat Jan 27 2018,8:30p,,Box Score,,Boston Celtics,W,,109,105,40,10,W 3,19596,2:29,
51,Tue Jan 30 2018,9:00p,,Box Score,@,Utah Jazz,L,,99,129,40,11,L 1,18306,2:02,
52,Fri Feb 2 2018,10:30p,,Box Score,@,Sacramento Kings,W,,119,104,41,11,W 1,17583,2:12,
53,Sat Feb 3 2018,9:00p,,Box Score,@,Denver Nuggets,L,,108,115,41,12,L 1,20103,2:18,
54,Tue Feb 6 2018,10:30p,,Box Score,,Oklahoma City Thunder,L,,105,125,41,13,L 2,19596,2:26,
55,Thu Feb 8 2018,10:30p,,Box Score,,Dallas Mavericks,W,,121,103,42,13,W 1,19596,2:05,
56,Sat Feb 10 2018,8:30p,,Box Score,,San Antonio Spurs,W,,122,105,43,13,W 2,19596,2:11,
57,Mon Feb 12 2018,10:30p,,Box Score,,Phoenix Suns,W,,129,83,44,13,W 3,19596,2:04,
58,Wed Feb 14 2018,10:30p,,Box Score,@,Portland Trail Blazers,L,,117,123,44,14,L 1,19520,2:21,
59,Thu Feb 22 2018,10:30p,,Box Score,,Los Angeles Clippers,W,,134,127,45,14,W 1,19596,2:27,
60,Sat Feb 24 2018,8:30p,,Box Score,,Oklahoma City Thunder,W,,112,80,46,14,W 2,19596,2:15,
61,Mon Feb 26 2018,7:30p,,Box Score,@,New York Knicks,W,,125,111,47,14,W 3,19812,2:06,
62,Wed Feb 28 2018,8:00p,,Box Score,@,Washington Wizards,W,,109,101,48,14,W 4,20356,2:18,
63,Fri Mar 2 2018,7:30p,,Box Score,@,Atlanta Hawks,W,,114,109,49,14,W 5,16728,2:17,
64,Tue Mar 6 2018,10:30p,,Box Score,,Brooklyn Nets,W,,114,101,50,14,W 6,19596,2:07,
65,Thu Mar 8 2018,10:30p,,Box Score,,San Antonio Spurs,W,,110,107,51,14,W 7,19596,2:20,
66,Fri Mar 9 2018,10:00p,,Box Score,@,Portland Trail Blazers,L,,108,125,51,15,L 1,19487,2:16,
67,Sun Mar 11 2018,3:30p,,Box Score,@,Minnesota Timberwolves,L,,103,109,51,16,L 2,18978,2:12,
68,Wed Mar 14 2018,10:30p,,Box Score,,Los Angeles Lakers,W,,117,106,52,16,W 1,19596,2:16,
69,Fri Mar 16 2018,10:30p,,Box Score,,Sacramento Kings,L,,93,98,52,17,L 1,19596,2:08,
70,Sat Mar 17 2018,10:00p,,Box Score,@,Phoenix Suns,W,,124,109,53,17,W 1,18055,2:08,
71,Mon Mar 19 2018,9:30p,,Box Score,@,San Antonio Spurs,L,,75,89,53,18,L 1,18418,2:13,
72,Fri Mar 23 2018,10:30p,,Box Score,,Atlanta Hawks,W,,106,94,54,18,W 1,19596,2:01,
73,Sun Mar 25 2018,8:30p,,Box Score,,Utah Jazz,L,,91,110,54,19,L 1,19596,2:02,
74,Tue Mar 27 2018,10:30p,,Box Score,,Indiana Pacers,L,,81,92,54,20,L 2,19596,2:03,
75,Thu Mar 29 2018,10:30p,,Box Score,,Milwaukee Bucks,L,,107,116,54,21,L 3,19596,2:04,
76,Sat Mar 31 2018,10:00p,,Box Score,@,Sacramento Kings,W,,112,96,55,21,W 1,17583,2:23,
77,Sun Apr 1 2018,8:30p,,Box Score,,Phoenix Suns,W,,117,107,56,21,W 2,19596,1:54,
78,Tue Apr 3 2018,8:00p,,Box Score,@,Oklahoma City Thunder,W,,111,107,57,21,W 3,18203,2:25,
79,Thu Apr 5 2018,7:00p,,Box Score,@,Indiana Pacers,L,,106,126,57,22,L 1,17923,2:05,
80,Sat Apr 7 2018,8:30p,,Box Score,,New Orleans Pelicans,L,,120,126,57,23,L 2,19596,2:08,
81,Sun Apr 8 2018,9:00p,,Box Score,@,Phoenix Suns,W,,117,100,58,23,W 1,18055,1:56,
82,Tue Apr 10 2018,9:00p,,Box Score,@,Utah Jazz,L,,79,119,58,24,L 1,18306,1:59,
1,Tue Oct 16 2018,10:30p,,Box Score,,Oklahoma City Thunder,W,,108,100,1,0,W 1,19596,2:24,
2,Fri Oct 19 2018,10:30p,,Box Score,@,Utah Jazz,W,,124,123,2,0,W 2,18306,2:28,
3,Sun Oct 21 2018,8:00p,,Box Score,@,Denver Nuggets,L,,98,100,2,1,L 1,19520,2:24,
4,Mon Oct 22 2018,10:30p,,Box Score,,Phoenix Suns,W,,123,103,3,1,W 1,19596,2:05,
5,Wed Oct 24 2018,10:30p,,Box Score,,Washington Wizards,W,,144,122,4,1,W 2,19596,2:12,
6,Fri Oct 26 2018,7:30p,,Box Score,@,New York Knicks,W,,128,100,5,1,W 3,19812,2:03,
7,Sun Oct 28 2018,5:00p,,Box Score,@,Brooklyn Nets,W,,120,114,6,1,W 4,17732,2:06,
8,Mon Oct 29 2018,8:00p,,Box Score,@,Chicago Bulls,W,,149,124,7,1,W 5,21076,2:05,
9,Wed Oct 31 2018,10:30p,,Box Score,,New Orleans Pelicans,W,,131,121,8,1,W 6,19596,2:20,
10,Fri Nov 2 2018,10:30p,,Box Score,,Minnesota Timberwolves,W,,116,99,9,1,W 7,19596,2:10,
11,Mon Nov 5 2018,10:30p,,Box Score,,Memphis Grizzlies,W,,117,101,10,1,W 8,19596,2:06,
12,Thu Nov 8 2018,10:30p,,Box Score,,Milwaukee Bucks,L,,111,134,10,2,L 1,19596,2:10,
13,Sat Nov 10 2018,8:30p,,Box Score,,Brooklyn Nets,W,,116,100,11,2,W 1,19596,2:03,
14,Mon Nov 12 2018,10:30p,,Box Score,@,Los Angeles Clippers,L,OT,116,121,11,3,L 1,19068,2:22,
15,Tue Nov 13 2018,10:30p,,Box Score,,Atlanta Hawks,W,,110,103,12,3,W 1,19596,2:09,
16,Thu Nov 15 2018,8:00p,,Box Score,@,Houston Rockets,L,,86,107,12,4,L 1,18055,2:13,
17,Sat Nov 17 2018,8:30p,,Box Score,@,Dallas Mavericks,L,,109,112,12,5,L 2,20260,2:19,
18,Sun Nov 18 2018,7:00p,,Box Score,@,San Antonio Spurs,L,,92,104,12,6,L 3,18354,2:06,
19,Wed Nov 21 2018,10:30p,,Box Score,,Oklahoma City Thunder,L,,95,123,12,7,L 4,19596,2:13,
20,Fri Nov 23 2018,10:30p,,Box Score,,Portland Trail Blazers,W,,125,97,13,7,W 1,19596,2:03,
21,Sat Nov 24 2018,8:30p,,Box Score,,Sacramento Kings,W,,117,116,14,7,W 2,19596,2:19,
22,Mon Nov 26 2018,10:30p,,Box Score,,Orlando Magic,W,,116,110,15,7,W 3,19596,2:07,
23,Thu Nov 29 2018,8:00p,,Box Score,@,Toronto Raptors,L,OT,128,131,15,8,L 1,20073,2:38,
24,Sat Dec 1 2018,7:00p,,Box Score,@,Detroit Pistons,L,,102,111,15,9,L 2,20332,2:09,
25,Mon Dec 3 2018,7:30p,,Box Score,@,Atlanta Hawks,W,,128,111,16,9,W 1,16631,2:16,
26,Wed Dec 5 2018,7:00p,,Box Score,@,Cleveland Cavaliers,W,,129,105,17,9,W 2,19432,2:06,
27,Fri Dec 7 2018,9:30p,,Box Score,@,Milwaukee Bucks,W,,105,95,18,9,W 3,17852,2:12,
28,Mon Dec 10 2018,10:30p,,Box Score,,Minnesota Timberwolves,W,,116,108,19,9,W 4,19596,2:12,
29,Wed Dec 12 2018,10:30p,,Box Score,,Toronto Raptors,L,,93,113,19,10,L 1,19596,2:08,
30,Fri Dec 14 2018,10:00p,,Box Score,@,Sacramento Kings,W,,130,125,20,10,W 1,17583,2:17,
31,Mon Dec 17 2018,10:30p,,Box Score,,Memphis Grizzlies,W,,110,93,21,10,W 2,19596,2:01,
32,Wed Dec 19 2018,9:00p,,Box Score,@,Utah Jazz,L,,103,108,21,11,L 1,18306,2:11,
33,Sat Dec 22 2018,8:30p,,Box Score,,Dallas Mavericks,W,,120,116,22,11,W 1,19596,2:11,
34,Sun Dec 23 2018,8:30p,,Box Score,,Los Angeles Clippers,W,,129,127,23,11,W 2,19596,2:22,
35,Tue Dec 25 2018,8:00p,,Box Score,,Los Angeles Lakers,L,,101,127,23,12,L 1,19596,2:21,
36,Thu Dec 27 2018,10:30p,,Box Score,,Portland Trail Blazers,L,OT,109,110,23,13,L 2,19596,2:27,
37,Sat Dec 29 2018,10:00p,,Box Score,@,Portland Trail Blazers,W,,115,105,24,13,W 1,19797,2:13,
38,Mon Dec 31 2018,9:00p,,Box Score,@,Phoenix Suns,W,,132,109,25,13,W 2,16906,2:10,
39,Thu Jan 3 2019,10:30p,,Box Score,,Houston Rockets,L,OT,134,135,25,14,L 1,19596,2:31,
40,Sat Jan 5 2019,10:00p,,Box Score,@,Sacramento Kings,W,,127,123,26,14,W 1,17583,2:06,
41,Tue Jan 8 2019,10:30p,,Box Score,,New York Knicks,W,,122,95,27,14,W 2,19596,2:03,
42,Fri Jan 11 2019,10:30p,,Box Score,,Chicago Bulls,W,,146,109,28,14,W 3,19596,2:12,
43,Sun Jan 13 2019,7:00p,,Box Score,@,Dallas Mavericks,W,,119,114,29,14,W 4,20340,2:12,
44,Tue Jan 15 2019,9:00p,,Box Score,@,Denver Nuggets,W,,142,111,30,14,W 5,19896,2:01,
45,Wed Jan 16 2019,10:30p,,Box Score,,New Orleans Pelicans,W,,147,140,31,14,W 6,19596,2:24,
46,Fri Jan 18 2019,10:30p,,Box Score,@,Los Angeles Clippers,W,,112,94,32,14,W 7,19068,2:19,
47,Mon Jan 21 2019,10:30p,,Box Score,@,Los Angeles Lakers,W,,130,111,33,14,W 8,18997,2:20,
48,Thu Jan 24 2019,8:00p,,Box Score,@,Washington Wizards,W,,126,118,34,14,W 9,20409,2:14,
49,Sat Jan 26 2019,8:30p,,Box Score,@,Boston Celtics,W,,115,111,35,14,W 10,18624,2:14,
50,Mon Jan 28 2019,7:00p,,Box Score,@,Indiana Pacers,W,,132,100,36,14,W 11,17923,2:05,
51,Thu Jan 31 2019,10:30p,,Box Score,,Philadelphia 76ers,L,,104,113,36,15,L 1,19596,2:11,
52,Sat Feb 2 2019,8:30p,,Box Score,,Los Angeles Lakers,W,,115,101,37,15,W 1,19596,2:14,
53,Wed Feb 6 2019,10:30p,,Box Score,,San Antonio Spurs,W,,141,102,38,15,W 2,19596,2:11,
54,Fri Feb 8 2019,9:00p,,Box Score,@,Phoenix Suns,W,,117,107,39,15,W 3,17081,2:12,
55,Sun Feb 10 2019,8:30p,,Box Score,,Miami Heat,W,,120,118,40,15,W 4,19596,2:10,
56,Tue Feb 12 2019,10:30p,,Box Score,,Utah Jazz,W,,115,108,41,15,W 5,19596,2:14,
57,Wed Feb 13 2019,10:30p,,Box Score,@,Portland Trail Blazers,L,,107,129,41,16,L 1,19549,2:21,
58,Thu Feb 21 2019,10:30p,,Box Score,,Sacramento Kings,W,,125,123,42,16,W 1,19596,2:24,
59,Sat Feb 23 2019,8:30p,,Box Score,,Houston Rockets,L,,112,118,42,17,L 1,19596,2:16,
60,Mon Feb 25 2019,7:00p,,Box Score,@,Charlotte Hornets,W,,121,110,43,17,W 1,19419,2:07,
61,Wed Feb 27 2019,7:30p,,Box Score,@,Miami Heat,L,,125,126,43,18,L 1,19647,2:26,
62,Thu Feb 28 2019,7:00p,,Box Score,@,Orlando Magic,L,,96,103,43,19,L 2,18846,1:56,
63,Sat Mar 2 2019,8:30p,,Box Score,@,Philadelphia 76ers,W,,120,117,44,19,W 1,20624,2:28,
64,Tue Mar 5 2019,10:30p,,Box Score,,Boston Celtics,L,,95,128,44,20,L 1,19596,2:14,
65,Fri Mar 8 2019,10:30p,,Box Score,,Denver Nuggets,W,,122,105,45,20,W 1,19596,2:23,
66,Sun Mar 10 2019,8:30p,,Box Score,,Phoenix Suns,L,,111,115,45,21,L 1,19596,2:17,
67,Wed Mar 13 2019,9:30p,,Box Score,@,Houston Rockets,W,,106,104,46,21,W 1,18122,2:15,
68,Sat Mar 16 2019,8:30p,,Box Score,@,Oklahoma City Thunder,W,,110,88,47,21,W 2,18203,2:15,
69,Mon Mar 18 2019,8:00p,,Box Score,@,San Antonio Spurs,L,,105,111,47,22,L 1,18354,2:10,
70,Tue Mar 19 2019,8:00p,,Box Score,@,Minnesota Timberwolves,W,,117,107,48,22,W 1,17964,2:09,
71,Thu Mar 21 2019,10:30p,,Box Score,,Indiana Pacers,W,,112,89,49,22,W 2,19596,2:01,
72,Sat Mar 23 2019,8:30p,,Box Score,,Dallas Mavericks,L,,91,126,49,23,L 1,19596,2:04,
73,Sun Mar 24 2019,8:30p,,Box Score,,Detroit Pistons,W,,121,114,50,23,W 1,19596,2:09,
74,Wed Mar 27 2019,8:00p,,Box Score,@,Memphis Grizzlies,W,,118,103,51,23,W 2,17794,2:05,
75,Fri Mar 29 2019,8:00p,,Box Score,@,Minnesota Timberwolves,L,OT,130,131,51,24,L 1,18978,2:36,
76,Sun Mar 31 2019,8:30p,,Box Score,,Charlotte Hornets,W,,137,90,52,24,W 1,19596,2:02,
77,Tue Apr 2 2019,10:30p,,Box Score,,Denver Nuggets,W,,116,102,53,24,W 2,19596,2:13,
78,Thu Apr 4 2019,10:30p,,Box Score,@,Los Angeles Lakers,W,,108,90,54,24,W 3,18997,2:01,
79,Fri Apr 5 2019,10:30p,,Box Score,,Cleveland Cavaliers,W,,120,114,55,24,W 4,19596,2:03,
80,Sun Apr 7 2019,8:30p,,Box Score,,Los Angeles Clippers,W,,131,104,56,24,W 5,19596,2:13,
81,Tue Apr 9 2019,8:00p,,Box Score,@,New Orleans Pelicans,W,,112,103,57,24,W 6,17090,1:56,
82,Wed Apr 10 2019,8:00p,,Box Score,@,Memphis Grizzlies,L,,117,132,57,25,L 1,17794,1:56,
1,Tue Oct 19 2021,10:00p,,Box Score,@,Los Angeles Lakers,W,,121,114,1,0,W 1,18997,2:33,
2,Thu Oct 21 2021,10:00p,,Box Score,,Los Angeles Clippers,W,,115,113,2,0,W 2,18064,2:28,
3,Sun Oct 24 2021,9:00p,,Box Score,@,Sacramento Kings,W,,119,107,3,0,W 3,13876,2:17,
4,Tue Oct 26 2021,8:00p,,Box Score,@,Oklahoma City Thunder,W,,106,98,4,0,W 4,,2:11,
5,Thu Oct 28 2021,10:00p,,Box Score,,Memphis Grizzlies,L,OT,101,104,4,1,L 1,18064,2:23,
6,Sat Oct 30 2021,8:30p,,Box Score,,Oklahoma City Thunder,W,,103,82,5,1,W 1,18064,2:02,
7,Wed Nov 3 2021,10:00p,,Box Score,,Charlotte Hornets,W,,114,92,6,1,W 2,18064,2:16,
8,Fri Nov 5 2021,10:00p,,Box Score,,New Orleans Pelicans,W,,126,85,7,1,W 3,18064,2:18,
9,Sun Nov 7 2021,8:30p,,Box Score,,Houston Rockets,W,,120,107,8,1,W 4,18064,2:11,
10,Mon Nov 8 2021,10:00p,,Box Score,,Atlanta Hawks,W,,127,113,9,1,W 5,18064,2:17,
11,Wed Nov 10 2021,10:00p,,Box Score,,Minnesota Timberwolves,W,,123,110,10,1,W 6,18064,2:25,
12,Fri Nov 12 2021,10:00p,,Box Score,,Chicago Bulls,W,,119,93,11,1,W 7,18064,2:12,
13,Sun Nov 14 2021,7:00p,,Box Score,@,Charlotte Hornets,L,,102,106,11,2,L 1,19559,2:14,
14,Tue Nov 16 2021,7:30p,,Box Score,@,Brooklyn Nets,W,,117,99,12,2,W 1,17732,2:22,
15,Thu Nov 18 2021,7:30p,,Box Score,@,Cleveland Cavaliers,W,,104,89,13,2,W 2,19432,2:08,
16,Fri Nov 19 2021,7:00p,,Box Score,@,Detroit Pistons,W,,105,102,14,2,W 3,20088,2:16,
17,Sun Nov 21 2021,8:30p,,Box Score,,Toronto Raptors,W,,119,104,15,2,W 4,18064,2:08,
18,Wed Nov 24 2021,10:00p,,Box Score,,Philadelphia 76ers,W,,116,96,16,2,W 5,18064,2:30,
19,Fri Nov 26 2021,10:00p,,Box Score,,Portland Trail Blazers,W,,118,103,17,2,W 6,18064,2:09,
20,Sun Nov 28 2021,3:30p,,Box Score,@,Los Angeles Clippers,W,,105,90,18,2,W 7,19068,2:17,
21,Tue Nov 30 2021,10:00p,,Box Score,@,Phoenix Suns,L,,96,104,18,3,L 1,17071,2:14,
22,Fri Dec 3 2021,10:00p,,Box Score,,Phoenix Suns,W,,118,96,19,3,W 1,18064,2:22,
23,Sat Dec 4 2021,8:30p,,Box Score,,San Antonio Spurs,L,,107,112,19,4,L 1,18064,2:08,
24,Mon Dec 6 2021,10:00p,,Box Score,,Orlando Magic,W,,126,95,20,4,W 1,18064,2:10,
25,Wed Dec 8 2021,10:00p,,Box Score,,Portland Trail Blazers,W,,104,94,21,4,W 2,18064,2:20,
26,Sat Dec 11 2021,8:30p,,Box Score,@,Philadelphia 76ers,L,,93,102,21,5,L 1,21016,2:18,
27,Mon Dec 13 2021,7:00p,,Box Score,@,Indiana Pacers,W,,102,100,22,5,W 1,17018,2:24,
28,Tue Dec 14 2021,7:30p,,Box Score,@,New York Knicks,W,,105,96,23,5,W 2,19812,2:19,
29,Fri Dec 17 2021,7:30p,,Box Score,@,Boston Celtics,W,,111,107,24,5,W 3,19156,2:29,
30,Sat Dec 18 2021,7:30p,,Box Score,@,Toronto Raptors,L,,100,119,24,6,L 1,7988,2:02,
31,Mon Dec 20 2021,10:00p,,Box Score,,Sacramento Kings,W,,113,98,25,6,W 1,18064,2:03,
32,Thu Dec 23 2021,10:00p,,Box Score,,Memphis Grizzlies,W,,113,104,26,6,W 2,18064,2:17,
33,Sat Dec 25 2021,5:00p,,Box Score,@,Phoenix Suns,W,,116,107,27,6,W 3,17071,2:18,
34,Tue Dec 28 2021,10:00p,,Box Score,,Denver Nuggets,L,,86,89,27,7,L 1,18064,2:19,
35,Sat Jan 1 2022,9:00p,,Box Score,@,Utah Jazz,W,,123,116,28,7,W 1,18306,2:20,
36,Mon Jan 3 2022,10:00p,,Box Score,,Miami Heat,W,,115,108,29,7,W 2,18064,2:12,
37,Wed Jan 5 2022,7:30p,,Box Score,@,Dallas Mavericks,L,,82,99,29,8,L 1,20441,2:15,
38,Thu Jan 6 2022,8:00p,,Box Score,@,New Orleans Pelicans,L,,96,101,29,9,L 2,15986,2:18,
39,Sun Jan 9 2022,8:30p,,Box Score,,Cleveland Cavaliers,W,,96,82,30,9,W 1,18064,1:59,
40,Tue Jan 11 2022,8:00p,,Box Score,@,Memphis Grizzlies,L,,108,116,30,10,L 1,17794,2:12,
41,Thu Jan 13 2022,7:30p,,Box Score,@,Milwaukee Bucks,L,,99,118,30,11,L 2,17848,2:13,
42,Fri Jan 14 2022,7:30p,,Box Score,@,Chicago Bulls,W,,138,96,31,11,W 1,21174,2:08,
43,Sun Jan 16 2022,8:00p,,Box Score,@,Minnesota Timberwolves,L,,99,119,31,12,L 1,17136,2:14,
44,Tue Jan 18 2022,10:00p,,Box Score,,Detroit Pistons,W,,102,86,32,12,W 1,18064,2:11,
45,Thu Jan 20 2022,10:00p,,Box Score,,Indiana Pacers,L,OT,117,121,32,13,L 1,18064,3:01,
46,Fri Jan 21 2022,10:00p,,Box Score,,Houston Rockets,W,,105,103,33,13,W 1,18064,2:21,
47,Sun Jan 23 2022,8:30p,,Box Score,,Utah Jazz,W,,94,92,34,13,W 2,18064,2:04,
48,Tue Jan 25 2022,10:00p,,Box Score,,Dallas Mavericks,W,,130,92,35,13,W 3,18064,2:15,
49,Thu Jan 27 2022,10:00p,,Box Score,,Minnesota Timberwolves,W,,124,115,36,13,W 4,18064,2:20,
50,Sat Jan 29 2022,8:30p,,Box Score,,Brooklyn Nets,W,,110,106,37,13,W 5,18064,2:30,
51,Mon Jan 31 2022,8:00p,,Box Score,@,Houston Rockets,W,,122,108,38,13,W 6,16146,2:25,
52,Tue Feb 1 2022,8:30p,,Box Score,@,San Antonio Spurs,W,,124,120,39,13,W 7,17070,2:15,
53,Thu Feb 3 2022,10:00p,,Box Score,,Sacramento Kings,W,,126,114,40,13,W 8,18064,2:09,
54,Mon Feb 7 2022,8:00p,,Box Score,@,Oklahoma City Thunder,W,,110,98,41,13,W 9,17009,2:08,
55,Wed Feb 9 2022,10:00p,,Box Score,@,Utah Jazz,L,,85,111,41,14,L 1,18306,2:16,
56,Thu Feb 10 2022,10:00p,,Box Score,,New York Knicks,L,,114,116,41,15,L 2,18064,2:20,
57,Sat Feb 12 2022,8:30p,,Box Score,,Los Angeles Lakers,W,,117,115,42,15,W 1,18064,2:31,
58,Mon Feb 14 2022,10:30p,,Box Score,@,Los Angeles Clippers,L,,104,119,42,16,L 1,19068,2:05,
59,Wed Feb 16 2022,10:00p,,Box Score,,Denver Nuggets,L,,116,117,42,17,L 2,18064,2:24,
60,Thu Feb 24 2022,10:00p,,Box Score,@,Portland Trail Blazers,W,,132,95,43,17,W 1,20098,2:22,
61,Sun Feb 27 2022,7:30p,,Box Score,,Dallas Mavericks,L,,101,107,43,18,L 1,18064,2:22,
62,Tue Mar 1 2022,8:00p,,Box Score,@,Minnesota Timberwolves,L,,114,129,43,19,L 2,17136,2:17,
63,Thu Mar 3 2022,8:30p,,Box Score,@,Dallas Mavericks,L,,113,122,43,20,L 3,20229,2:11,
64,Sat Mar 5 2022,8:30p,,Box Score,@,Los Angeles Lakers,L,,116,124,43,21,L 4,18997,2:24,
65,Mon Mar 7 2022,9:00p,,Box Score,@,Denver Nuggets,L,,124,131,43,22,L 5,19542,2:20,
66,Tue Mar 8 2022,10:00p,,Box Score,,Los Angeles Clippers,W,,112,97,44,22,W 1,18064,2:14,
67,Thu Mar 10 2022,10:00p,,Box Score,@,Denver Nuggets,W,,113,102,45,22,W 2,19520,2:26,
68,Sat Mar 12 2022,8:30p,,Box Score,,Milwaukee Bucks,W,,122,109,46,22,W 3,18064,2:15,
69,Mon Mar 14 2022,10:00p,,Box Score,,Washington Wizards,W,,126,112,47,22,W 4,18064,2:10,
70,Wed Mar 16 2022,10:00p,,Box Score,,Boston Celtics,L,,88,110,47,23,L 1,18064,2:14,
71,Sun Mar 20 2022,8:30p,,Box Score,,San Antonio Spurs,L,,108,110,47,24,L 2,18064,2:18,
72,Tue Mar 22 2022,7:00p,,Box Score,@,Orlando Magic,L,,90,94,47,25,L 3,17164,2:19,
73,Wed Mar 23 2022,7:30p,,Box Score,@,Miami Heat,W,,118,104,48,25,W 1,19600,2:19,
74,Fri Mar 25 2022,7:30p,,Box Score,@,Atlanta Hawks,L,,110,121,48,26,L 1,17724,2:08,
75,Sun Mar 27 2022,6:00p,,Box Score,@,Washington Wizards,L,,115,123,48,27,L 2,20476,2:23,
76,Mon Mar 28 2022,8:00p,,Box Score,@,Memphis Grizzlies,L,,95,123,48,28,L 3,17011,2:18,
77,Wed Mar 30 2022,10:00p,,Box Score,,Phoenix Suns,L,,103,107,48,29,L 4,18064,2:30,
78,Sat Apr 2 2022,8:30p,,Box Score,,Utah Jazz,W,,111,107,49,29,W 1,18064,2:16,
79,Sun Apr 3 2022,9:00p,,Box Score,@,Sacramento Kings,W,,109,90,50,29,W 2,17583,2:14,
80,Thu Apr 7 2022,10:00p,,Box Score,,Los Angeles Lakers,W,,128,112,51,29,W 3,18064,2:20,
81,Sat Apr 9 2022,8:30p,,Box Score,@,San Antonio Spurs,W,,100,94,52,29,W 4,18627,2:16,
82,Sun Apr 10 2022,9:30p,,Box Score,@,New Orleans Pelicans,W,,128,107,53,29,W 5,16595,2:07,
1,Tue Oct 18 2022,10:00p,,Box Score,,Los Angeles Lakers,W,,123,109,1,0,W 1,18064,2:33,
2,Fri Oct 21 2022,10:00p,,Box Score,,Denver Nuggets,L,,123,128,1,1,L 1,18064,2:31,
3,Sun Oct 23 2022,8:30p,,Box Score,,Sacramento Kings,W,,130,125,2,1,W 1,18064,2:24,
4,Tue Oct 25 2022,10:00p,,Box Score,@,Phoenix Suns,L,,105,134,2,2,L 1,17071,2:23,
5,Thu Oct 27 2022,10:00p,,Box Score,,Miami Heat,W,,123,110,3,2,W 1,18064,2:04,
6,Sat Oct 29 2022,7:00p,,Box Score,@,Charlotte Hornets,L,OT,113,120,3,3,L 1,19079,2:26,
7,Sun Oct 30 2022,6:00p,,Box Score,@,Detroit Pistons,L,,114,128,3,4,L 2,20190,2:19,
8,Tue Nov 1 2022,7:30p,,Box Score,@,Miami Heat,L,,109,116,3,5,L 3,19600,2:22,
9,Thu Nov 3 2022,7:00p,,Box Score,@,Orlando Magic,L,,129,130,3,6,L 4,18846,2:29,
10,Fri Nov 4 2022,8:30p,,Box Score,@,New Orleans Pelicans,L,,105,114,3,7,L 5,18451,2:15,
11,Mon Nov 7 2022,10:00p,,Box Score,,Sacramento Kings,W,,116,113,4,7,W 1,18064,2:22,
12,Fri Nov 11 2022,10:00p,,Box Score,,Cleveland Cavaliers,W,,106,101,5,7,W 2,18064,2:26,
13,Sun Nov 13 2022,9:00p,,Box Score,@,Sacramento Kings,L,,115,122,5,8,L 1,16410,2:12,
14,Mon Nov 14 2022,10:00p,,Box Score,,San Antonio Spurs,W,,132,95,6,8,W 1,18064,2:10,
15,Wed Nov 16 2022,10:00p,,Box Score,@,Phoenix Suns,L,,119,130,6,9,L 1,17071,2:18,
16,Fri Nov 18 2022,10:00p,,Box Score,,New York Knicks,W,,111,101,7,9,W 1,18064,2:20,
17,Sun Nov 20 2022,7:00p,,Box Score,@,Houston Rockets,W,,127,120,8,9,W 2,18055,2:09,
18,Mon Nov 21 2022,8:00p,,Box Score,@,New Orleans Pelicans,L,,83,128,8,10,L 1,18589,2:05,
19,Wed Nov 23 2022,10:00p,,Box Score,,Los Angeles Clippers,W,,124,107,9,10,W 1,18064,2:18,
20,Fri Nov 25 2022,10:00p,,Box Score,,Utah Jazz,W,,129,118,10,10,W 2,18064,2:06,
21,Sun Nov 27 2022,3:30p,,Box Score,@,Minnesota Timberwolves,W,,137,114,11,10,W 3,17136,2:17,
22,Tue Nov 29 2022,7:30p,,Box Score,@,Dallas Mavericks,L,,113,116,11,11,L 1,20277,2:32,
23,Fri Dec 2 2022,10:00p,,Box Score,,Chicago Bulls,W,,119,111,12,11,W 1,18064,2:24,
24,Sat Dec 3 2022,8:30p,,Box Score,,Houston Rockets,W,,120,101,13,11,W 2,18064,2:05,
25,Mon Dec 5 2022,10:00p,,Box Score,,Indiana Pacers,L,,104,112,13,12,L 1,18064,2:15,
26,Wed Dec 7 2022,9:00p,,Box Score,@,Utah Jazz,L,,123,124,13,13,L 2,18206,2:16,
27,Sat Dec 10 2022,8:30p,,Box Score,,Boston Celtics,W,,123,107,14,13,W 1,18064,2:14,
28,Tue Dec 13 2022,7:30p,,Box Score,@,Milwaukee Bucks,L,,111,128,14,14,L 1,17628,2:22,
29,Wed Dec 14 2022,7:00p,,Box Score,@,Indiana Pacers,L,,119,125,14,15,L 2,15069,2:18,
30,Fri Dec 16 2022,7:30p,,Box Score,@,Philadelphia 76ers,L,,106,118,14,16,L 3,20567,2:14,
31,Sun Dec 18 2022,6:00p,,Box Score,@,Toronto Raptors,W,,126,110,15,16,W 1,19800,2:19,
32,Tue Dec 20 2022,7:30p,,Box Score,@,New York Knicks,L,,94,132,15,17,L 1,19812,2:14,
33,Wed Dec 21 2022,7:30p,,Box Score,@,Brooklyn Nets,L,,113,143,15,18,L 2,18026,2:05,
34,Sun Dec 25 2022,8:00p,,Box Score,,Memphis Grizzlies,W,,123,109,16,18,W 1,18064,2:31,
35,Tue Dec 27 2022,10:00p,,Box Score,,Charlotte Hornets,W,,110,105,17,18,W 2,18064,2:15,
36,Wed Dec 28 2022,10:00p,,Box Score,,Utah Jazz,W,,112,107,18,18,W 3,18064,2:18,
37,Fri Dec 30 2022,10:00p,,Box Score,,Portland Trail Blazers,W,,118,112,19,18,W 4,18064,2:16,
38,Mon Jan 2 2023,10:00p,,Box Score,,Atlanta Hawks,W,2OT,143,141,20,18,W 5,18064,2:45,
39,Wed Jan 4 2023,10:00p,,Box Score,,Detroit Pistons,L,,119,122,20,19,L 1,18064,2:11,
40,Sat Jan 7 2023,8:30p,,Box Score,,Orlando Magic,L,,101,115,20,20,L 2,18064,2:07,
41,Tue Jan 10 2023,10:00p,,Box Score,,Phoenix Suns,L,,113,125,20,21,L 3,18064,2:31,
42,Fri Jan 13 2023,7:30p,,Box Score,@,San Antonio Spurs,W,,144,113,21,21,W 1,68323,2:22,
43,Sun Jan 15 2023,3:30p,,Box Score,@,Chicago Bulls,L,,118,132,21,22,L 1,20139,2:17,
44,Mon Jan 16 2023,3:00p,,Box Score,@,Washington Wizards,W,,127,118,22,22,W 1,20476,2:17,
45,Thu Jan 19 2023,7:30p,,Box Score,@,Boston Celtics,L,OT,118,121,22,23,L 1,19156,2:39,
46,Fri Jan 20 2023,7:30p,,Box Score,@,Cleveland Cavaliers,W,,120,114,23,23,W 1,19432,2:13,
47,Sun Jan 22 2023,8:30p,,Box Score,,Brooklyn Nets,L,,116,120,23,24,L 1,18064,2:23,
48,Wed Jan 25 2023,10:00p,,Box Score,,Memphis Grizzlies,W,,122,120,24,24,W 1,18064,2:45,
49,Fri Jan 27 2023,10:00p,,Box Score,,Toronto Raptors,W,,129,117,25,24,W 2,18064,2:09,
50,Mon Jan 30 2023,8:00p,,Box Score,@,Oklahoma City Thunder,W,,128,120,26,24,W 3,16854,2:09,
51,Wed Feb 1 2023,8:00p,,Box Score,@,Minnesota Timberwolves,L,OT,114,119,26,25,L 1,17136,2:32,
52,Thu Feb 2 2023,9:00p,,Box Score,@,Denver Nuggets,L,,117,134,26,26,L 2,19555,2:07,
53,Sat Feb 4 2023,8:30p,,Box Score,,Dallas Mavericks,W,,119,113,27,26,W 1,18064,2:21,
54,Mon Feb 6 2023,10:00p,,Box Score,,Oklahoma City Thunder,W,,141,114,28,26,W 2,18064,1:55,
55,Wed Feb 8 2023,10:00p,,Box Score,@,Portland Trail Blazers,L,,122,125,28,27,L 1,18450,2:11,
56,Sat Feb 11 2023,8:30p,,Box Score,,Los Angeles Lakers,L,,103,109,28,28,L 2,18064,2:26,
57,Mon Feb 13 2023,10:00p,,Box Score,,Washington Wizards,W,,135,126,29,28,W 1,18064,2:11,
58,Tue Feb 14 2023,10:00p,,Box Score,@,Los Angeles Clippers,L,,124,134,29,29,L 1,16741,2:19,
59,Thu Feb 23 2023,10:00p,,Box Score,@,Los Angeles Lakers,L,,111,124,29,30,L 2,18997,,
60,Fri Feb 24 2023,10:00p,,Box Score,,Houston Rockets,W,,116,101,30,30,W 1,18064,2:07,
61,Sun Feb 26 2023,7:30p,,Box Score,,Minnesota Timberwolves,W,,109,104,31,30,W 2,18064,2:28,
62,Tue Feb 28 2023,10:00p,,Box Score,,Portland Trail Blazers,W,,123,105,32,30,W 3,18064,2:11,
63,Thu Mar 2 2023,10:00p,,Box Score,,Los Angeles Clippers,W,,115,91,33,30,W 4,18064,2:27,
64,Fri Mar 3 2023,10:00p,,Box Score,,New Orleans Pelicans,W,,108,99,34,30,W 5,18064,2:19,
65,Sun Mar 5 2023,3:30p,,Box Score,@,Los Angeles Lakers,L,,105,113,34,31,L 1,18997,2:23,
66,Tue Mar 7 2023,8:00p,,Box Score,@,Oklahoma City Thunder,L,,128,137,34,32,L 2,16142,2:21,
67,Thu Mar 9 2023,7:30p,,Box Score,@,Memphis Grizzlies,L,,110,131,34,33,L 3,17794,2:25,
68,Sat Mar 11 2023,8:30p,,Box Score,,Milwaukee Bucks,W,OT,125,116,35,33,W 1,18064,2:32,
69,Mon Mar 13 2023,10:00p,,Box Score,,Phoenix Suns,W,,123,112,36,33,W 2,18064,2:27,
70,Wed Mar 15 2023,10:00p,,Box Score,@,Los Angeles Clippers,L,,126,134,36,34,L 1,19068,2:31,
71,Fri Mar 17 2023,7:30p,,Box Score,@,Atlanta Hawks,L,,119,127,36,35,L 2,18201,2:10,
72,Sat Mar 18 2023,8:00p,,Box Score,@,Memphis Grizzlies,L,,119,133,36,36,L 3,18396,2:19,
73,Mon Mar 20 2023,8:00p,,Box Score,@,Houston Rockets,W,,121,108,37,36,W 1,16116,2:08,
74,Wed Mar 22 2023,7:30p,,Box Score,@,Dallas Mavericks,W,,127,125,38,36,W 2,20377,2:28,
75,Fri Mar 24 2023,10:00p,,Box Score,,Philadelphia 76ers,W,,120,112,39,36,W 3,18064,2:21,
76,Sun Mar 26 2023,8:30p,,Box Score,,Minnesota Timberwolves,L,,96,99,39,37,L 1,18064,2:30,
77,Tue Mar 28 2023,10:00p,,Box Score,,New Orleans Pelicans,W,,120,109,40,37,W 1,18064,2:36,
78,Fri Mar 31 2023,10:00p,,Box Score,,San Antonio Spurs,W,,130,115,41,37,W 2,18064,2:11,
79,Sun Apr 2 2023,8:30p,,Box Score,@,Denver Nuggets,L,,110,112,41,38,L 1,19752,2:13,
80,Tue Apr 4 2023,10:00p,,Box Score,,Oklahoma City Thunder,W,,136,125,42,38,W 1,18064,2:17,
81,Fri Apr 7 2023,10:00p,,Box Score,@,Sacramento Kings,W,,119,97,43,38,W 2,18253,2:14,
82,Sun Apr 9 2023,3:30p,,Box Score,@,Portland Trail Blazers,W,,157,101,44,38,W 3,19731,1:57,
1,Tue Oct 24 2023,10:00p,,Box Score,,Phoenix Suns,L,,104,108,0,1,L 1,18064,2:33,
2,Fri Oct 27 2023,10:00p,,Box Score,@,Sacramento Kings,W,,122,114,1,1,W 1,18250,2:22,
3,Sun Oct 29 2023,7:00p,,Box Score,@,Houston Rockets,W,,106,95,2,1,W 2,18055,2:17,
4,Mon Oct 30 2023,8:00p,,Box Score,@,New Orleans Pelicans,W,,130,102,3,1,W 3,17286,2:08,
5,Wed Nov 1 2023,10:00p,,Box Score,,Sacramento Kings,W,,102,101,4,1,W 4,18064,2:14,
6,Fri Nov 3 2023,8:00p,,Box Score,@,Oklahoma City Thunder,W,,141,139,5,1,W 5,16827,2:39,In-Season Tournament
7,Sun Nov 5 2023,6:00p,,Box Score,@,Cleveland Cavaliers,L,,104,115,5,2,L 1,19432,2:17,
8,Mon Nov 6 2023,7:00p,,Box Score,@,Detroit Pistons,W,,120,109,6,2,W 1,20062,2:09,
9,Wed Nov 8 2023,10:00p,,Box Score,@,Denver Nuggets,L,,105,108,6,3,L 1,19737,2:20,
10,Sat Nov 11 2023,8:30p,,Box Score,,Cleveland Cavaliers,L,,110,118,6,4,L 2,18064,2:49,
11,Sun Nov 12 2023,8:30p,,Box Score,,Minnesota Timberwolves,L,,110,116,6,5,L 3,18064,2:25,
12,Tue Nov 14 2023,10:00p,,Box Score,,Minnesota Timberwolves,L,,101,104,6,6,L 4,18064,2:24,In-Season Tournament
13,Thu Nov 16 2023,10:00p,,Box Score,,Oklahoma City Thunder,L,,109,128,6,7,L 5,18064,2:09,
14,Sat Nov 18 2023,8:30p,,Box Score,,Oklahoma City Thunder,L,OT,123,130,6,8,L 6,18064,2:27,
15,Mon Nov 20 2023,10:00p,,Box Score,,Houston Rockets,W,,121,116,7,8,W 1,18064,2:09,
16,Wed Nov 22 2023,10:00p,,Box Score,@,Phoenix Suns,L,,115,123,7,9,L 1,17071,2:45,
17,Fri Nov 24 2023,10:00p,,Box Score,,San Antonio Spurs,W,,118,112,8,9,W 1,18064,2:35,In-Season Tournament
18,Tue Nov 28 2023,10:00p,,Box Score,@,Sacramento Kings,L,,123,124,8,10,L 1,18039,2:44,In-Season Tournament
19,Thu Nov 30 2023,10:00p,,Box Score,,Los Angeles Clippers,W,,120,114,9,10,W 1,18064,2:23,
20,Sat Dec 2 2023,4:00p,,Box Score,@,Los Angeles Clippers,L,,112,113,9,11,L 1,19370,2:20,
21,Wed Dec 6 2023,10:00p,,Box Score,,Portland Trail Blazers,W,,110,106,10,11,W 1,18064,2:20,
22,Fri Dec 8 2023,8:00p,,Box Score,@,Oklahoma City Thunder,L,OT,136,138,10,12,L 1,17112,2:37,
23,Tue Dec 12 2023,10:00p,,Box Score,@,Phoenix Suns,L,,116,119,10,13,L 2,17071,2:38,
24,Thu Dec 14 2023,10:30p,,Box Score,@,Los Angeles Clippers,L,,113,121,10,14,L 3,19370,2:18,
25,Sat Dec 16 2023,8:30p,,Box Score,,Brooklyn Nets,W,,124,120,11,14,W 1,18064,2:14,
26,Sun Dec 17 2023,9:00p,,Box Score,@,Portland Trail Blazers,W,,118,114,12,14,W 2,18547,2:14,
27,Tue Dec 19 2023,10:00p,,Box Score,,Boston Celtics,W,OT,132,126,13,14,W 3,18064,2:25,
28,Fri Dec 22 2023,10:00p,,Box Score,,Washington Wizards,W,,129,118,14,14,W 4,18064,2:16,
29,Sat Dec 23 2023,8:30p,,Box Score,,Portland Trail Blazers,W,,126,106,15,14,W 5,18064,2:10,
30,Mon Dec 25 2023,2:30p,,Box Score,@,Denver Nuggets,L,,114,120,15,15,L 1,19811,2:27,
31,Thu Dec 28 2023,10:00p,,Box Score,,Miami Heat,L,,102,114,15,16,L 2,18064,2:18,
32,Sat Dec 30 2023,8:30p,,Box Score,,Dallas Mavericks,L,,122,132,15,17,L 3,18064,2:13,
33,Tue Jan 2 2024,10:00p,,Box Score,,Orlando Magic,W,,121,115,16,17,W 1,18064,2:33,
34,Thu Jan 4 2024,10:00p,,Box Score,,Denver Nuggets,L,,127,130,16,18,L 1,18064,2:22,
35,Fri Jan 5 2024,10:00p,,Box Score,,Detroit Pistons,W,,113,109,17,18,W 1,18064,2:19,
36,Sun Jan 7 2024,8:30p,,Box Score,,Toronto Raptors,L,,118,133,17,19,L 1,18064,2:00,
37,Wed Jan 10 2024,8:30p,,Box Score,,New Orleans Pelicans,L,,105,141,17,20,L 2,18064,2:13,
38,Fri Jan 12 2024,8:00p,,Box Score,@,Chicago Bulls,W,,140,131,18,20,W 1,21153,2:19,
39,Sat Jan 13 2024,8:00p,,Box Score,@,Milwaukee Bucks,L,,118,129,18,21,L 1,18009,2:08,
40,Mon Jan 15 2024,6:00p,,Box Score,@,Memphis Grizzlies,L,,107,116,18,22,L 2,16612,2:22,
41,Wed Jan 24 2024,10:00p,,Box Score,,Atlanta Hawks,W,,134,112,19,22,W 1,18064,2:08,
42,Thu Jan 25 2024,10:00p,,Box Score,,Sacramento Kings,L,,133,134,19,23,L 1,18064,2:24,
43,Sat Jan 27 2024,8:30p,,Box Score,,Los Angeles Lakers,L,2OT,144,145,19,24,L 2,18064,3:17,
44,Tue Jan 30 2024,10:00p,,Box Score,,Philadelphia 76ers,W,,119,107,20,24,W 1,18064,2:22,
45,Fri Feb 2 2024,8:00p,,Box Score,@,Memphis Grizzlies,W,,121,101,21,24,W 2,17794,2:20,
46,Sat Feb 3 2024,7:30p,,Box Score,@,Atlanta Hawks,L,OT,134,141,21,25,L 1,17600,2:31,
47,Mon Feb 5 2024,7:30p,,Box Score,@,Brooklyn Nets,W,,109,98,22,25,W 1,17919,2:21,
48,Wed Feb 7 2024,7:30p,,Box Score,@,Philadelphia 76ers,W,,127,104,23,25,W 2,19780,2:14,
49,Thu Feb 8 2024,7:00p,,Box Score,@,Indiana Pacers,W,,131,109,24,25,W 3,17274,2:08,
50,Sat Feb 10 2024,8:30p,,Box Score,,Phoenix Suns,W,,113,112,25,25,W 4,18064,2:25,
51,Mon Feb 12 2024,9:00p,,Box Score,@,Utah Jazz,W,,129,107,26,25,W 5,18206,2:06,
52,Wed Feb 14 2024,10:00p,,Box Score,,Los Angeles Clippers,L,,125,130,26,26,L 1,18064,2:33,
53,Thu Feb 15 2024,9:00p,,Box Score,@,Utah Jazz,W,,140,137,27,26,W 1,18206,2:14,
54,Thu Feb 22 2024,10:00p,,Box Score,,Los Angeles Lakers,W,,128,110,28,26,W 2,18064,2:15,
55,Fri Feb 23 2024,10:00p,,Box Score,,Charlotte Hornets,W,,97,84,29,26,W 3,18064,2:08,
56,Sun Feb 25 2024,7:00p,,Box Score,,Denver Nuggets,L,,103,119,29,27,L 1,18064,2:21,
57,Tue Feb 27 2024,7:00p,,Box Score,@,Washington Wizards,W,,123,112,30,27,W 1,20333,2:01,
58,Thu Feb 29 2024,7:30p,,Box Score,@,New York Knicks,W,,110,99,31,27,W 2,19812,2:18,
59,Fri Mar 1 2024,7:30p,,Box Score,@,Toronto Raptors,W,,120,105,32,27,W 3,19800,2:10,
60,Sun Mar 3 2024,3:30p,,Box Score,@,Boston Celtics,L,,88,140,32,28,L 1,19156,2:07,
61,Wed Mar 6 2024,10:00p,,Box Score,,Milwaukee Bucks,W,,125,90,33,28,W 1,18064,2:11,
62,Thu Mar 7 2024,10:00p,,Box Score,,Chicago Bulls,L,,122,125,33,29,L 1,18064,2:17,
63,Sat Mar 9 2024,8:30p,,Box Score,,San Antonio Spurs,L,,113,126,33,30,L 2,18064,2:24,
64,Mon Mar 11 2024,8:00p,,Box Score,@,San Antonio Spurs,W,,112,102,34,30,W 1,18354,2:05,
65,Wed Mar 13 2024,8:30p,,Box Score,@,Dallas Mavericks,L,,99,109,34,31,L 1,20411,2:13,
66,Sat Mar 16 2024,8:30p,,Box Score,@,Los Angeles Lakers,W,,128,121,35,31,W 1,18997,2:25,
67,Mon Mar 18 2024,10:00p,,Box Score,,New York Knicks,L,,112,119,35,32,L 1,18064,2:18,
68,Wed Mar 20 2024,10:00p,,Box Score,,Memphis Grizzlies,W,,137,116,36,32,W 1,18064,2:12,
69,Fri Mar 22 2024,10:00p,,Box Score,,Indiana Pacers,L,,111,123,36,33,L 1,18064,2:13,
70,Sun Mar 24 2024,7:00p,,Box Score,@,Minnesota Timberwolves,L,,110,114,36,34,L 2,18024,2:19,
71,Tue Mar 26 2024,7:30p,,Box Score,@,Miami Heat,W,,113,92,37,34,W 1,19813,2:10,
72,Wed Mar 27 2024,7:00p,,Box Score,@,Orlando Magic,W,,101,93,38,34,W 2,19210,2:11,
73,Fri Mar 29 2024,7:00p,,Box Score,@,Charlotte Hornets,W,,115,97,39,34,W 3,19487,2:03,
74,Sun Mar 31 2024,7:00p,,Box Score,@,San Antonio Spurs,W,,117,113,40,34,W 4,18718,2:10,
75,Tue Apr 2 2024,10:00p,,Box Score,,Dallas Mavericks,W,,104,100,41,34,W 5,18064,2:20,
76,Thu Apr 4 2024,8:00p,,Box Score,@,Houston Rockets,W,,133,110,42,34,W 6,18055,2:13,
77,Fri Apr 5 2024,8:30p,,Box Score,@,Dallas Mavericks,L,,106,108,42,35,L 1,20425,2:21,
78,Sun Apr 7 2024,8:30p,,Box Score,,Utah Jazz,W,,118,110,43,35,W 1,18064,2:07,
79,Tue Apr 9 2024,10:00p,,Box Score,@,Los Angeles Lakers,W,,134,120,44,35,W 2,18997,2:15,
80,Thu Apr 11 2024,10:00p,,Box Score,@,Portland Trail Blazers,W,,100,92,45,35,W 3,19335,2:04,
81,Fri Apr 12 2024,10:00p,,Box Score,,New Orleans Pelicans,L,,109,114,45,36,L 1,18064,2:13,
82,Sun Apr 14 2024,3:30p,,Box Score,,Utah Jazz,W,,123,116,46,36,W 1,18064,2:04,
83,Tue Apr 16 2024,10:00p,,Box Score,@,Sacramento Kings,L,,94,118,46,37,L 1,18304,2:21,Play-In Game
1,Wed Oct 23 2024,10:00p,,Box Score,@,Portland Trail Blazers,W,,140,104,1,0,W 1,19480,2:17,
2,Fri Oct 25 2024,9:30p,,Box Score,@,Utah Jazz,W,,127,86,2,0,W 2,18175,2:07,
3,Sun Oct 27 2024,8:30p,,Box Score,,Los Angeles Clippers,L,,104,112,2,1,L 1,18064,2:22,
4,Tue Oct 29 2024,10:00p,,Box Score,,New Orleans Pelicans,W,,124,106,3,1,W 1,18064,2:20,
5,Wed Oct 30 2024,10:00p,,Box Score,,New Orleans Pelicans,W,,104,89,4,1,W 2,18064,2:19,
6,Sat Nov 2 2024,8:00p,,Box Score,@,Houston Rockets,W,OT,127,121,5,1,W 3,18055,2:43,
7,Mon Nov 4 2024,7:15p,,Box Score,@,Washington Wizards,W,,125,112,6,1,W 4,15674,2:20,
8,Wed Nov 6 2024,7:30p,,Box Score,@,Boston Celtics,W,,118,112,7,1,W 5,19156,2:21,
9,Fri Nov 8 2024,7:30p,,Box Score,@,Cleveland Cavaliers,L,,117,136,7,2,L 1,19432,2:10,
10,Sun Nov 10 2024,7:00p,,Box Score,@,Oklahoma City Thunder,W,,127,116,8,2,W 1,18203,2:20,
11,Tue Nov 12 2024,10:00p,,Box Score,,Dallas Mavericks,W,,120,117,9,2,W 2,18064,2:25,In-Season Tournament
12,Fri Nov 15 2024,10:00p,,Box Score,,Memphis Grizzlies,W,,123,118,10,2,W 3,18064,2:35,In-Season Tournament
13,Mon Nov 18 2024,10:30p,,Box Score,@,Los Angeles Clippers,L,,99,102,10,3,L 1,17927,2:11,
14,Wed Nov 20 2024,10:00p,,Box Score,,Atlanta Hawks,W,,120,97,11,3,W 1,18064,2:08,
15,Fri Nov 22 2024,7:30p,,Box Score,@,New Orleans Pelicans,W,,112,108,12,3,W 2,16820,2:28,In-Season Tournament
16,Sat Nov 23 2024,8:30p,,Box Score,@,San Antonio Spurs,L,,94,104,12,4,L 1,18847,2:10,
17,Mon Nov 25 2024,10:00p,,Box Score,,Brooklyn Nets,L,,120,128,12,5,L 2,18064,2:22,
18,Wed Nov 27 2024,10:00p,,Box Score,,Oklahoma City Thunder,L,,101,105,12,6,L 3,18064,2:24,
19,Sat Nov 30 2024,9:00p,,Box Score,@,Phoenix Suns,L,,105,113,12,7,L 4,17071,2:11,
20,Tue Dec 3 2024,10:00p,,Box Score,@,Denver Nuggets,L,,115,119,12,8,L 5,19912,2:26,In-Season Tournament
21,Thu Dec 5 2024,10:00p,,Box Score,,Houston Rockets,W,,99,93,13,8,W 1,18064,2:19,
22,Fri Dec 6 2024,10:00p,,Box Score,,Minnesota Timberwolves,L,,90,107,13,9,L 1,18064,2:18,
23,Sun Dec 8 2024,8:30p,,Box Score,,Minnesota Timberwolves,W,,114,106,14,9,W 1,18064,2:18,
24,Wed Dec 11 2024,9:30p,,Box Score,@,Houston Rockets,L,,90,91,14,10,L 1,18055,2:17,In-Season Tournament
25,Sun Dec 15 2024,8:30p,,Box Score,,Dallas Mavericks,L,,133,143,14,11,L 2,18064,2:14,
26,Thu Dec 19 2024,8:00p,,Box Score,@,Memphis Grizzlies,L,,93,144,14,12,L 3,17729,2:06,
27,Sat Dec 21 2024,8:00p,,Box Score,@,Minnesota Timberwolves,W,,113,103,15,12,W 1,18978,2:47,
28,Mon Dec 23 2024,10:00p,,Box Score,,Indiana Pacers,L,,105,111,15,13,L 1,18064,2:13,
29,Wed Dec 25 2024,8:00p,,Box Score,,Los Angeles Lakers,L,,113,115,15,14,L 2,18064,2:25,
30,Fri Dec 27 2024,10:00p,,,@,Los Angeles Clippers,,,,,,,,,,
31,Sat Dec 28 2024,8:30p,,,,Phoenix Suns,,,,,,,,,,
32,Mon Dec 30 2024,10:00p,,,,Cleveland Cavaliers,,,,,,,,,,
33,Thu Jan 2 2025,10:00p,,,,Philadelphia 76ers,,,,,,,,,,
34,Sat Jan 4 2025,8:30p,,,,Memphis Grizzlies,,,,,,,,,,
35,Sun Jan 5 2025,8:30p,,,,Sacramento Kings,,,,,,,,,,
36,Tue Jan 7 2025,10:00p,,,,Miami Heat,,,,,,,,,,
37,Thu Jan 9 2025,7:00p,,,@,Detroit Pistons,,,,,,,,,,
38,Fri Jan 10 2025,7:00p,,,@,Indiana Pacers,,,,,,,,,,
39,Mon Jan 13 2025,7:30p,,,@,Toronto Raptors,,,,,,,,,,
40,Wed Jan 15 2025,8:00p,,,@,Minnesota Timberwolves,,,,,,,,,,
41,Sat Jan 18 2025,8:30p,,,,Washington Wizards,,,,,,,,,,
42,Mon Jan 20 2025,5:00p,,,,Boston Celtics,,,,,,,,,,
43,Wed Jan 22 2025,10:00p,,,@,Sacramento Kings,,,,,,,,,,
44,Thu Jan 23 2025,10:00p,,,,Chicago Bulls,,,,,,,,,,
45,Sat Jan 25 2025,8:30p,,,,Los Angeles Lakers,,,,,,,,,,
46,Tue Jan 28 2025,10:00p,,,,Utah Jazz,,,,,,,,,,
47,Wed Jan 29 2025,10:00p,,,,Oklahoma City Thunder,,,,,,,,,,
48,Fri Jan 31 2025,10:00p,,,,Phoenix Suns,,,,,,,,,,
49,Mon Feb 3 2025,10:00p,,,,Orlando Magic,,,,,,,,,,
50,Wed Feb 5 2025,9:00p,,,@,Utah Jazz,,,,,,,,,,
51,Thu Feb 6 2025,10:00p,,,@,Los Angeles Lakers,,,,,,,,,,
52,Sat Feb 8 2025,8:00p,,,@,Chicago Bulls,,,,,,,,,,
53,Mon Feb 10 2025,8:00p,,,@,Milwaukee Bucks,,,,,,,,,,
54,Wed Feb 12 2025,9:30p,,,@,Dallas Mavericks,,,,,,,,,,
55,Thu Feb 13 2025,8:00p,,,@,Houston Rockets,,,,,,,,,,
56,Fri Feb 21 2025,10:00p,,,@,Sacramento Kings,,,,,,,,,,
57,Sun Feb 23 2025,3:30p,,,,Dallas Mavericks,,,,,,,,,,
58,Tue Feb 25 2025,10:00p,,,,Charlotte Hornets,,,,,,,,,,
59,Thu Feb 27 2025,7:00p,,,@,Orlando Magic,,,,,,,,,,
60,Sat Mar 1 2025,8:30p,,,@,Philadelphia 76ers,,,,,,,,,,
61,Mon Mar 3 2025,7:00p,,,@,Charlotte Hornets,,,,,,,,,,
62,Tue Mar 4 2025,7:30p,,,@,New York Knicks,,,,,,,,,,
63,Thu Mar 6 2025,7:30p,,,@,Brooklyn Nets,,,,,,,,,,
64,Sat Mar 8 2025,8:30p,,,,Detroit Pistons,,,,,,,,,,
65,Mon Mar 10 2025,10:00p,,,,Portland Trail Blazers,,,,,,,,,,
66,Thu Mar 13 2025,10:00p,,,,Sacramento Kings,,,,,,,,,,
67,Sat Mar 15 2025,8:30p,,,,New York Knicks,,,,,,,,,,
68,Mon Mar 17 2025,10:00p,,,,Denver Nuggets,,,,,,,,,,
69,Wed Mar 19 2025,10:00p,,,,Toronto Raptors,,,,,,,,,,
70,Thu Mar 20 2025,10:00p,,,,Milwaukee Bucks,,,,,,,,,,
71,Sat Mar 22 2025,7:00p,,,@,Atlanta Hawks,,,,,,,,,,
72,Tue Mar 25 2025,7:30p,,,@,Miami Heat,,,,,,,,,,
73,Fri Mar 28 2025,8:00p,,,@,New Orleans Pelicans,,,,,,,,,,
74,Sun Mar 30 2025,7:00p,,,@,San Antonio Spurs,,,,,,,,,,
75,Tue Apr 1 2025,8:00p,,,@,Memphis Grizzlies,,,,,,,,,,
76,Thu Apr 3 2025,10:00p,,,@,Los Angeles Lakers,,,,,,,,,,
77,Fri Apr 4 2025,10:00p,,,,Denver Nuggets,,,,,,,,,,
78,Sun Apr 6 2025,8:30p,,,,Houston Rockets,,,,,,,,,,
79,Tue Apr 8 2025,10:00p,,,@,Phoenix Suns,,,,,,,,,,
80,Wed Apr 9 2025,10:00p,,,,San Antonio Spurs,,,,,,,,,,
81,Fri Apr 11 2025,10:00p,,,@,Portland Trail Blazers,,,,,,,,,,
82,Sun Apr 13 2025,3:30p,,,,Los Angeles Clippers,,,,,,,,,,